000000000
000000001
000000002
000000005
000001090
000004804
000008851
000009261
000010010
000014192
000018503
000018511
000019453
000021172
000021181
000021199
000021202
000028606
000028614
000037711
000041670
000041831
000042161
000064939
000069868
000075892
000075957
000084948
000087564
000088668
000092665
000098723
000100579
000102539
000107140
000111341
000126292
000133035
000139661
000143677
000147311
000150584
000153354
000158500
000159743
000160369
000160377
000162591
000164291
000165255
000170968
000202975
000204501
000204510
000204528
000204536
000204552
000206547
000217034
000222356
000227366
000231631
000231649
000234826
000235253
000237132
000241369
000245984
000253308
000253502
000255921
000256056
000257699
000268283
000268291
000268305
000269026
000269255
000269263
000269271
000272230
000278131
000287709
000288594
000288608
000288616
000289078
000293458
000305138
000318141
000320609
000326399
000327867
000342092
000350012
000359866
000364606
000369462
000369501
000370452
000370606
000376027
000383422
000385239
000385247
000385255
000400505
000408956
000409545
000412856
000415642
000420298
000424790
000438651
000438715
000444031
000449351
000450383
000458546
000462357
000463221
000464970
000485420
000485438
000485471
000486752
000502405
000521981
000526444
000530336
000531391
000550299
000550302
000550311
000555843
000563584
000563684
000568000
000568309
000577669
000579475
000581879
000584282
000596191
000600831
000600849
000608602
000609251
000613304
000614131
000624896
000625060
000630942
000639648
000653420
000658855
000660477
000661970
000667404
000667421
000678813
000679216
000704849
000725234
000727521
000727547
000727792
000730360
000737763
000740990
000752100
000755605
000762458
000762548
000766062
000772712
000772747
000777888
000787621
000789640
000789682
000789950
000796531
000797219
000797464
000805882
000805891
000805904
000808504
000809195
000838721
000838853
000840114
000842648
000845868
000845884
000845906
000845914
000846333
000849561
000850934
000870706
000877832
000879169
000883573
000883581
000883590
000887765
000894681
000908771
000909815
000911739
000913880
000913898
000915131
000915190
000915203
000915238
000915246
000915254
000922005
000927911
000929743
000933309
000935433
000938769
000947270
000948659
000948683
000963585
000963593
000975745
000977551
000978957
000978965
000979422
000979503
000982334
000982831
000987395
000988880
000990841
000990850
000993298
000995525
000999111
000999792
001002003
001004191
001005308
001005367
001006690
001008013
001009231
001009249
001009257
001013211
001017845
001029461
001034189
001034219
001047019
001050338
001050516
001051105
001053205
001057316
001058029
001059777
001060309
001081535
001082795
001104438
001105671
001105680
001105710
001105779
001107089
001118081
001124501
001127217
001127225
001128078
001128183
001129171
001134283
001137000
001148605
001148621
001152271
001153749
001166409
001170236
001170325
001170384
001170406
001170414
001170465
001173987
001181149
001181165
001182889
001205889
001210017
001234781
001246500
001247735
001252275
001256009
001258826
001259504
001265628
001284576
001284584
001287885
001288580
001289811
001289829
001289837
001291106
001291122
001291131
001291416
001297627
001305301
001306316
001337793
001348531
001351966
001360108
001364481
001373072
001380923
001381491
001386310
001388005
001388021
001400916
001404032
001410636
001410881
001414143
001422341
001423738
001425421
001430262
001438981
001448927
001449729
001452410
001456156
001456202
001458965
001460684
001468456
001470035
001473697
001479563
001486608
001487264
001487388
001489313
001494123
001510258
001523180
001531492
001531522
001531549
001531565
001531590
001531646
001531662
001531671
001531697
001531727
001531743
001531751
001531778
001531785
001531786
001531808
001531841
001531867
001537423
001538292
001547887
001556231
001566849
001579363
001586017
001591029
001591584
001591614
001605780
001611232
001612115
001617231
001625004
001638629
001656520
001671049
001671171
001673459
001673581
001675494
001676229
001683578
001695398
001697315
001705261
001706896
001706934
001707001
001718070
001718363
001720244
001720295
001721593
001722450
001725491
001726293
001728237
001730266
001731297
001731921
001731939
001738402
001740709
001743970
001755404
001756265
001756923
001760700
001760734
001762575
001777319
001789198
001797514
001823558
001826697
001838300
001849051
001849352
001849964
001858840
001859285
001863193
001865161
001865196
001867253
001872672
001883300
001887912
001902113
001902172
001936077
001936107
001942352
001942361
001967649
001967941
001967959
001967975
001967983
001967991
001968513
001971476
001972782
001972944
001980360
001982834
001983571
001992244
001993090
001993910
001994061
001997700
001998650
001998668
001998676
001998684
001998811
002000636
002012821
002012880
002030845
002047543
002052971
002054485
002070189
002070197
002071517
002085526
002087413
002094533
002095556
002097231
002099012
002099098
002102579
002103605
002107350
002110091
002123959
002130416
002140829
002145146
002147947
002153564
002156458
002157063
002158981
002159023
002159040
002159058
002163004
002164434
002178486
002179211
002179491
002183951
002192586
002196875
002206030
002206561
002206587
002207842
002216710
002220032
002221446
002227711
002231450
002231646
002239329
002259419
002265290
002304775
002319314
002319411
002321483
002328828
002331659
002332027
002337151
002340313
002343053
002344076
002344289
002344297
002347997
002355400
002361710
002361744
002361761
002361779
002362104
002364115
002364131
002366126
002368161
002378167
002381800
002383683
002384353
002395827
002400090
002400421
002402351
002403536
002405016
002406114
002406781
002413078
002413868
002414112
002418673
002425963
002426595
002430169
002442051
002442922
002450810
002453797
002473372
002481626
002481634
002481642
002481669
002489198
002507935
002508214
002509172
002526379
002527685
002528487
002528509
002528517
002528525
002554682
002556758
002564122
002564769
002568390
002574551
002581507
002597683
002603535
002607077
002620464
002620502
002620511
002620545
002620561
002620570
002620588
002620596
002620600
002621894
002629488
002629721
002634350
002635780
002641780
002647451
002654091
002654261
002678721
002679841
002680181
002684837
002687496
002688034
002692104
002702223
002702266
002705109
002725002
002727447
002731916
002732041
002732050
002732092
002732114
002732149
002734524
002742969
002755432
002755572
002755637
002755769
002756382
002756552
002756935
002757192
002757206
002757222
002757249
002759071
002764709
002764717
002764725
002764733
002764750
002764768
002764954
002767732
002771381
002771403
002771497
002772370
002772426
002777240
002778157
002778173
002785288
002787008
002787750
002792257
002795558
002800675
002806304
002807581
002808510
002808609
002823438
002829088
002833905
002836785
002836793
002836807
002842661
002846454
002850834
002854139
002854155
002855210
002859149
002861658
002862956
002864266
002864282
002865335
002865351
002865386
002866617
002867893
002867907
002867915
002870240
002872366
002872684
002879689
002879841
002880539
002881578
002881586
002884321
002889285
002893860
002896117
002898861
002905647
002907763
002908174
002909278
002912821
002914018
002921987
002922649
002925303
002925621
002927411
002927462
002937930
002942216
002943107
002944421
002945428
002945436
002945452
002945479
002945495
002947218
002948451
002948591
002955628
002961377
002961407
002961610
002967928
002970007
002972921
002975831
002975840
002976196
002976285
002980380
002982471
002984873
002986191
002987155
002987261
002994810
002996481
002999447
003002187
003009378
003011666
003012000
003012255
003016234
003027813
003028755
003032230
003032302
003040682
003046095
003048730
003059553
003067025
003068994
003078302
003078311
003083772
003088065
003089878
003096858
003096912
003097633
003097790
003099091
003117065
003117839
003118703
003118908
003119009
003119297
003119319
003119335
003119343
003119386
003119408
003119432
003119459
003119483
003119505
003119513
003119530
003119548
003119572
003120201
003120449
003121453
003123634
003133729
003139832
003140105
003140539
003140687
003141616
003150755
003156095
003156109
003160106
003167161
003169243
003170144
003178960
003179605
003184960
003187292
003188027
003188931
003188957
003201325
003203859
003204171
003204952
003206840
003207617
003209024
003209067
003219381
003222560
003232018
003232034
003234312
003237028
003239012
003239071
003239144
003239179
003239713
003239730
003239748
003241106
003242153
003248232
003250164
003255573
003258238
003263401
003266826
003266834
003270564
003270921
003276732
003281213
003287025
003291031
003292312
003301087
003301141
003305643
003308049
003310469
003318435
003323340
003326454
003329623
003332357
003334601
003335232
003341928
003346382
003357104
003357287
003357317
003360865
003366278
003370028
003374955
003375439
003379914
003381927
003388221
003389570
003389600
003399729
003405648
003412440
003412547
003412776
003416712
003418171
003418936
003423697
003426360
003435172
003435237
003435245
003439593
003441229
003441814
003442675
003444520
003447898
003454118
003456811
003460185
003463834
003464547
003469441
003470202
003472906
003473261
003475409
003475727
003476251
003477703
003477762
003477894
003478459
003479455
003483584
003484190
003486575
003486605
003488489
003488781
003491625
003491676
003495094
003496082
003497127
003497151
003497160
003504841
003509222
003509869
003512070
003521583
003530493
003533565
003533956
003533972
003534006
003545270
003560627
003563537
003569365
003570762
003570886
003574083
003576663
003586146
003604241
003608336
003610284
003611132
003612449
003617131
003618650
003631184
003634167
003634396
003634582
003634761
003634884
003634957
003638545
003646246
003647838
003648010
003648524
003648753
003650898
003661661
003668983
003669351
003671909
003672191
003679209
003679284
003684539
003684547
003684652
003684687
003684831
003692906
003699421
003706311
003710564
003712095
003716554
003718948
003724336
003737721
003739210
003746150
003747468
003748774
003750477
003751376
003752917
003753018
003753123
003753956
003756521
003767388
003769763
003770931
003779904
003785297
003785319
003785335
003788393
003793567
003795039
003796027
003796060
003796108
003796141
003800806
003809102
003810437
003811085
003815587
003819523
003819957
003823075
003823130
003825523
003826014
003826104
003831604
003833909
003839753
003841146
003848311
003849236
003850188
003855309
003860116
003861732
003865991
003866432
003874877
003880541
003882560
003882764
003884279
003887006
003891178
003892735
003892930
003900452
003900878
003900908
003902951
003908801
003920356
003929035
003929205
003929647
003929965
003930521
003931927
003932028
003934632
003934659
003934675
003934683
003934691
003935817
003939987
003957292
003959244
003961401
003965244
003965350
003965449
003965643
003965724
003965732
003965775
003969487
003971708
003972852
003977048
003979547
003984401
003990583
003991253
003991318
003993540
003997715
004000002
004000528
004005848
004006101
004006135
004006747
004006780
004008596
004008871
004022025
004026331
004027400
004031059
004040414
004042883
004043014
004050215
004056931
004057023
004063031
004064631
004067037
004067061
004079540
004093844
004099290
004099397
004103599
004103866
004110021
004110048
004110056
004110072
004110081
004110102
004110111
004110137
004110170
004110226
004112230
004112364
004113349
004114019
004119126
004126858
004132467
004141750
004144261
004146808
004149211
004151615
004152158
004153031
004158687
004160274
004163281
004166906
004166914
004169573
004172981
004177703
004185480
004187971
004188811
004188829
004188969
004191251
004191447
004191544
004191676
004191765
004193687
004197046
004198191
004198247
004203097
004218302
004219732
004222571
004223977
004228511
004229215
004230175
004230248
004239938
004244401
004247639
004250583
004251431
004254686
004257308
004260856
004265335
004270215
004273664
004276311
004287568
004310128
004311540
004313674
004314573
004316525
004319427
004321782
004331079
004331991
004332041
004332440
004333331
004334078
004337191
004338758
004349938
004356969
004356985
004358376
004359526
004361946
004370066
004371097
004375688
004379098
004381084
004383788
004384075
004391250
004391730
004392523
004395514
004396413
004402057
004402235
004402511
004403703
004403771
004416015
004416953
004418824
004419189
004419413
004420098
004420390
004420407
004421345
004424816
004424824
004428145
004428641
004428650
004428676
004436121
004437578
004439961
004440838
004445376
004450710
004454260
004456335
004456351
004458672
004461274
004470303
004472080
004483910
004483979
004483987
004485441
004485653
004493834
004496299
004501292
004521609
004530683
004533453
004540026
004540611
004541278
004547179
004547527
004554361
004556259
004563077
004571011
004571070
004571291
004571347
004571541
004571614
004571690
004572394
004572891
004572904
004572912
004578309
004582454
004582462
004584708
004585500
004587910
004599934
004609034
004619251
004620046
004620178
004622430
004630483
004634306
004635680
004641159
004641175
004641183
004644395
004649338
004650352
004666674
004668162
004670680
004670698
004670701
004670710
004670728
004670736
004670744
004670752
004670779
004670850
004676581
004678524
004684036
004688881
004696085
004699491
004701623
004711700
004712846
004713206
004718381
004719263
004719298
004719301
004719310
004719468
004719492
004730321
004732995
004733100
004734114
004742842
004753542
004758901
004768086
004769601
004774116
004774850
004781686
004781708
004781821
004781856
004782755
004784910
004786441
004786459
004787447
004794672
004795806
004807448
004807731
004807936
004808398
004808452
004809203
004809351
004820142
004827708
004831179
004831934
004840313
004849515
004850734
004856252
004857534
004857577
004857593
004857615
004857631
004857704
004861973
004862333
004873904
004880781
004884531
004885708
004887588
004888481
004888499
004888511
004888537
004888553
004888561
004888588
004888600
004888618
004888634
004888642
004888669
004888677
004888693
004888715
004888740
004888766
004888782
004888791
004888839
004891414
004892224
004892232
004902173
004902335
004902343
004905504
004905512
004909208
004909216
004909232
004911105
004911181
004920406
004921691
004924631
004931777
004937716
004951859
004951972
004951981
004951999
004956451
004956460
004961129
004964462
004978854
004979052
004987713
004994230
004994256
005002052
005002427
005002575
005010993
005014999
005016002
005022851
005022860
005022869
005023281
005024510
005026164
005030447
005032148
005038197
005040787
005044553
005044669
005048109
005053480
005053510
005054125
005056454
005057469
005060222
005083228
005093180
005093228
005093414
005096278
005096707
005107008
005108008
005113474
005115655
005117020
005118441
005119537
005119545
005120268
005120276
005122481
005129826
005130638
005133335
005134021
005135966
005143543
005147841
005149649
005152241
005152259
005163650
005176395
005178908
005181976
005182310
005183235
005201802
005203295
005203333
005208793
005214041
005219248
005225621
005225892
005228042
005229138
005234719
005242100
005242835
005244307
005248507
005254604
005254612
005254655
005261678
005266017
005269539
005271894
005275610
005276292
005280559
005280991
005284881
005287553
005292468
005293022
005297541
005298181
005298199
005300746
005301327
005303664
005306698
005306744
005307139
005308607
005318025
005320305
005321298
005330921
005342040
005344506
005346673
005352720
005356446
005357713
005360382
005363781
005364035
005364051
005364108
005364205
005364230
005365281
005365515
005368570
005381118
005381703
005385156
005388473
005391563
005392292
005392306
005392373
005392438
005392951
005402441
005404274
005406706
005406781
005407702
005408971
005409161
005410193
005410207
005415179
005419158
005419832
005438519
005438527
005439566
005439591
005453151
005459508
005462941
005464749
005468493
005471044
005476062
005476241
005477034
005477158
005479487
005496896
005497116
005497141
005497167
005497183
005497191
005497213
005497221
005497230
005497248
005497256
005501946
005503931
005506069
005506093
005506174
005514924
005514932
005520827
005522218
005523478
005536901
005540925
005542880
005542898
005544661
005549761
005555078
005557925
005564620
005564646
005566801
005569001
005569560
005569690
005569915
005569923
005572380
005573556
005574021
005576920
005582636
005583365
005586321
005590116
005590132
005590159
005590434
005598753
005599091
005600201
005602131
005608589
005610427
005613442
005615453
005615712
005616247
005619904
005623227
005637112
005645689
005647983
005648041
005648084
005648122
005648157
005648271
005648297
005650232
005658276
005664861
005672503
005675529
005679320
005688256
005695930
005696488
005697450
005699614
005706467
005713871
005713927
005713935
005713951
005713960
005713978
005714427
005717736
005717744
005717761
005723370
005723388
005724422
005731194
005736587
005740151
005742862
005742871
005748054
005748062
005756880
005760828
005764785
005766001
005767521
005773288
005782732
005787629
005789133
005791669
005793696
005794315
005798604
005799350
005806534
005806551
005817307
005817889
005818001
005818117
005818141
005818168
005822912
005823030
005825288
005833345
005834899
005834902
005834911
005836409
005836824
005836891
005838011
005838282
005839068
005840741
005841062
005841542
005846056
005855578
005857325
005861918
005862540
005862663
005863920
005874807
005877911
005881579
005881803
005881927
005882168
005882427
005886724
005888581
005891787
005893747
005900247
005900638
005901987
005906326
005908434
005908515
005912261
005914124
005917140
005917310
005920281
005926432
005932408
005932441
005932998
005936535
005938112
005947880
005947928
005947952
005947961
005947979
005949297
005951232
005959624
005960606
005963834
005965268
005974151
005979676
005982201
005982669
005996686
005996899
005997976
005998379
006001301
006010032
006013943
006014356
006020402
006031943
006033628
006040942
006045286
006047548
006047777
006057861
006058400
006064574
006078851
006079296
006080391
006084494
006084508
006111831
006112650
006118518
006123490
006127517
006127975
006129595
006129951
006130101
006130321
006130356
006130364
006130399
006130437
006132359
006132774
006141251
006141692
006141919
006145329
006145345
006146414
006148620
006151809
006154689
006157033
006158790
006159974
006161391
006163025
006163165
006163211
006167651
006168124
006171141
006171281
006178570
006183255
006184740
006189369
006189652
006189661
006189687
006189709
006191550
006192807
006192823
006201041
006201067
006212620
006214754
006216099
006218148
006218164
006218181
006218202
006218253
006218296
006221777
006221904
006226710
006227015
006232973
006235671
006236014
006236057
006240186
006242715
006242740
006247652
006247679
006260446
006261892
006270573
006270697
006270786
006273351
006273513
006273599
006273785
006274706
006275311
006275796
006275931
006275974
006276067
006276130
006276199
006276326
006277039
006277066
006277071
006277091
006277098
006277112
006277241
006278272
006279619
006279643
006279660
006279775
006279791
006279872
006280846
006284931
006289169
006289240
006289304
006289428
006292470
006298303
006298389
006298427
006298478
006298923
006300715
006311458
006314325
006317219
006322182
006334725
006340521
006343490
006356681
006360025
006364560
006366864
006367038
006373933
006381626
006383122
006384587
006393225
006393918
006394485
006394710
006394761
006394817
006394868
006394922
006395066
006395139
006395201
006401261
006407641
006412211
006418597
006420656
006420664
006424279
006424317
006424368
006424449
006433413
006439071
006443559
006443800
006444393
006444814
006445357
006447236
006450547
006450628
006453163
006454046
006455280
006457703
006458262
006464165
006467431
006468845
006469400
006475507
006475523
006476899
006492142
006493777
006493831
006493891
006493955
006494692
006494706
006494714
006496661
006498574
006503331
006505970
006506232
006506305
006506453
006506461
006506488
006506496
006507581
006510132
006515924
006520111
006524311
006530150
006530192
006530222
006530281
006530532
006530834
006534686
006541721
006541755
006541771
006545220
006545301
006545378
006549209
006551106
006555501
006555527
006555543
006555578
006555594
006555951
006558046
006560253
006560296
006560954
006571191
006571328
006575714
006575757
006577050
006577849
006579507
006581871
006582711
006582842
006582991
006590055
006593798
006593909
006594026
006596975
006597041
006599249
006604862
006614906
006618847
006635687
006639682
006640940
006640982
006641024
006641067
006641164
006642101
006642365
006642373
006642411
006642420
006642438
006642497
006642560
006642578
006642586
006642608
006642632
006642659
006642667
006642675
006642781
006642799
006642802
006642811
006642829
006642845
006642896
006642900
006642918
006642926
006642934
006642942
006642951
006642993
006643051
006643060
006643078
006643761
006643795
006643825
006643906
006649009
006649041
006649092
006649190
006654461
006654797
006655360
006655939
006656030
006656315
006657656
006658385
006659134
006659314
006659497
006659543
006663168
006664083
006664156
006664393
006664440
006664733
006665888
006666051
006666078
006666795
006667813
006671331
006671551
006671985
006672612
006673856
006674046
006674160
006674178
006674275
006674291
006674313
006674909
006674933
006675026
006675077
006679507
006686338
006686478
006688527
006688560
006688667
006692371
006696279
006696287
006696309
006696317
006696341
006696368
006696384
006696414
006696422
006696473
006696490
006696503
006702261
006702813
006708994
006709001
006711227
006713530
006725759
006725872
006726135
006727107
006727239
006727433
006731465
006733492
006737561
006739253
006743790
006745687
006748121
006748163
006751016
006753671
006755810
006756492
006756573
006756867
006763103
006766625
006768091
006786600
006786634
006796192
006799949
006802648
006804217
006805272
006806732
006807135
006809642
006814204
006824366
006824455
006824617
006830226
006833314
006839908
006839916
006839925
006839932
006839959
006839967
006839983
006840001
006840019
006840027
006840124
006840141
006840159
006840167
006840183
006840205
006840213
006843671
006846416
006854923
006864732
006866026
006870058
006870066
006870074
006870082
006870091
006870112
006870121
006870139
006870147
006870155
006870163
006870171
006870180
006870198
006870201
006870210
006870228
006870236
006870252
006870279
006870287
006870295
006870309
006870317
006870325
006874142
006879129
006887767
006890580
006890954
006896472
006905544
006913237
006915655
006917828
006921582
006924395
006924701
006928226
006931731
006934889
006938027
006949525
006950451
006969844
006971024
006976379
006976824
006986200
006995977
006996167
007004508
007009399
007015259
007019831
007020805
007029799
007030371
007037171
007044640
007045409
007048203
007064209
007064233
007064276
007064306
007067127
007067739
007072953
007074654
007098430
007105452
007109253
007118431
007120699
007121903
007121920
007123418
007123434
007127685
007136811
007146639
007146647
007147791
007151080
007151268
007151331
007163886
007168781
007175299
007180055
007183429
007184069
007184654
007185081
007185472
007197900
007197918
007208201
007214847
007216408
007220758
007229798
007242140
007242310
007242786
007252684
007253265
007254067
007257805
007260334
007260849
007261322
007263210
007263279
007265557
007271417
007273720
007274556
007275285
007275919
007277905
007281315
007283261
007295944
007298561
007298579
007298587
007298617
007308833
007310030
007310609
007312172
007312536
007312563
007315821
007323085
007327510
007332769
007348215
007355165
007355190
007356081
007359489
007363869
007372850
007375581
007376031
007376171
007376199
007376219
007376227
007376235
007376243
007376260
007376278
007376332
007376499
007376553
007376723
007376731
007376758
007376766
007377878
007378378
007386281
007386290
007386311
007387971
007396295
007396325
007396350
007396384
007396392
007396406
007398999
007400802
007402716
007405481
007414439
007416571
007416601
007416652
007416687
007416768
007418001
007429436
007446993
007448996
007451229
007451407
007465386
007467184
007467192
007470797
007494823
007494858
007500246
007500424
007510489
007511647
007512465
007513275
007513283
007518161
007524307
007525958
007525991
007526016
007526032
007526083
007526113
007526148
007526164
007526237
007526261
007526415
007526431
007526440
007539240
007541716
007541988
007544294
007551967
007553633
007555679
007555865
007564635
007565658
007571151
007575106
007577770
007577796
007578067
007580126
007583567
007583575
007583583
007583591
007589204
007589239
007589255
007592477
007596103
007601913
007602430
007607105
007618972
007619049
007619057
007625551
007626312
007626916
007626924
007630042
007630191
007630590
007638035
007647557
007654049
007670036
007670061
007672225
007675828
007678941
007679858
007681968
007686901
007690380
007693010
007694326
007700407
007708912
007711093
007712375
007722044
007722974
007724861
007724896
007724969
007731361
007731451
007731531
007733682
007737319
007738293
007738323
007739761
007745249
007745664
007756852
007763808
007766521
007768290
007768681
007773358
007774010
007775610
007779674
007782993
007784015
007784031
007787367
007788801
007789548
007797559
007807236
007807279
007807287
007807295
007807317
007823151
007826389
007831609
007831862
007833393
007835451
007835485
007835558
007835752
007840942
007841019
007841523
007841604
007841701
007841809
007848617
007849834
007851910
007853521
007854366
007854412
007860048
007863004
007865627
007866623
007868944
007868952
007869843
007871058
007872453
007872607
007877978
007886861
007889852
007893183
007899157
007900481
007902067
007902069
007902085
007902093
007902115
007904568
007913397
007919743
007919760
007919808
007919824
007923058
007923180
007923457
007928475
007937172
007940874
007949341
007949481
007954638
007955286
007955766
007956711
007960255
007968299
007988991
007993021
007993846
007997281
007997302
007998589
008003424
008004340
008006448
008006449
008006733
008012342
008016542
008023085
008023093
008030979
008038775
008040575
008040605
008042349
008047103
008047227
008048631
008061254
008061360
008063923
008063931
008063940
008072167
008072191
008075182
008076405
008082707
008095701
008098476
008100918
008105537
008112029
008116369
008118787
008118795
008118809
008118833
008118841
008120579
008120757
008128669
008132755
008132780
008140839
008150354
008154431
008154953
008158789
008169888
008184895
008184917
008184933
008184976
008200165
008206031
008206074
008206651
008206678
008206708
008206741
008207321
008209278
008212180
008212767
008218722
008225842
008225869
008227837
008232032
008233730
008233748
008237051
008238316
008243921
008245789
008259267
008262497
008273171
008273251
008273286
008273316
008273383
008273421
008273456
008273499
008273529
008273545
008273553
008273588
008273596
008273618
008273651
008273731
008273774
008273804
008273821
008273847
008273952
008274371
008279926
008281653
008301808
008304742
008308179
008313059
008318697
008321736
008324514
008324646
008332576
008332649
008332975
008332991
008336709
008337942
008338001
008338043
008338078
008338116
008340706
008344248
008344281
008346623
008346640
008346666
008346721
008347883
008352526
008352534
008352542
008362700
008362785
008364696
008367337
008367655
008369003
008370095
008370231
008371334
008371351
008371369
008375674
008376042
008376140
008376221
008379017
008393931
008394008
008394130
008394202
008394245
008399140
008405085
008407533
008407568
008411549
008419248
008421129
008421196
008422770
008428395
008436347
008440352
008443874
008443998
008447861
008449155
008457581
008458677
008460841
008462259
008462496
008462518
008462526
008462551
008462640
008465819
008469270
008469652
008470979
008471169
008471177
008471746
008471789
008471878
008471941
008471979
008472017
008472068
008472858
008472904
008472939
008473188
008473315
008473471
008473480
008473498
008473510
008473528
008473536
008473544
008473552
008473561
008473579
008473595
008473609
008473617
008473625
008473633
008473641
008473650
008474052
008474125
008479305
008479682
008480478
008483388
008490155
008490881
008491089
008491135
008493782
008494614
008495611
008496862
008496871
008496889
008500614
008501921
008505462
008506230
008506337
008506876
008507031
008510202
008510423
008514518
008514526
008514569
008521298
008521301
008521310
008521328
008524653
008526184
008528217
008530556
008533628
008533644
008534411
008538069
008538298
008542198
008542864
008545405
008547327
008550778
008550824
008555974
008555982
008557365
008565589
008569100
008575011
008576238
008576785
008576807
008576891
008576912
008576947
008579539
008580367
008580758
008581151
008584753
008585067
008585377
008602581
008604690
008605254
008606153
008618496
008619484
008622931
008624011
008637580
008643580
008643831
008646775
008650322
008652252
008653585
008667180
008668973
008670901
008673047
008673071
008680159
008680183
008682151
008683603
008684278
008684421
008684430
008684456
008688575
008690308
008691363
008694966
008697591
008697655
008697779
008701148
008701997
008704473
008710490
008719888
008720266
008720291
008720410
008720487
008721408
008721416
008721629
008721700
008725942
008730636
008735981
008736740
008736987
008743371
008743380
008750394
008753881
008758158
008761540
008761990
008765146
008765162
008765219
008765243
008765405
008765634
008767068
008767076
008770883
008771821
008774668
008775125
008775133
008775141
008775168
008775869
008778655
008779198
008780099
008780323
008783462
008789347
008794430
008794758
008794821
008798940
008801550
008813264
008822417
008824690
008829225
008830347
008830371
008830428
008830479
008830525
008830606
008830878
008830924
008831025
008831939
008831955
008831963
008831971
008832005
008832030
008833389
008833711
008833745
008833753
008833761
008833770
008833982
008838666
008841853
008841888
008841900
008842116
008843546
008844275
008844313
008850968
008854564
008858071
008863351
008863369
008864004
008869090
008869393
008882037
008882215
008883874
008883882
008887233
008890315
008890901
008890927
008891389
008894159
008899444
008903603
008904731
008905037
008905053
008905070
008905118
008906394
008906491
008908800
008914877
008916284
008916365
008920664
008920672
008922641
008922861
008922896
008926646
008927405
008927421
008929751
008930228
008930350
008931232
008932123
008933987
008937311
008938148
008938334
008939560
008943362
008950504
008952248
008954623
008956863
008958815
008962090
008963452
008963576
008965404
008968420
008974241
008974268
008977917
008981990
008982601
008982805
008985871
008994498
009003151
009004238
009009009
009010726
009012371
009012419
009014462
009014489
009014497
009014501
009014519
009017364
009019031
009021701
009025898
009028366
009028374
009028421
009028439
009028455
009028471
009030654
009034951
009036113
009036148
009037306
009038973
009038990
009039520
009051287
009054570
009054863
009055924
009056254
009058354
009063609
009067671
009072896
009073795
009081933
009084002
009088491
009091238
009091785
009091807
009092706
009094806
009094873
009097236
009097261
009097279
009097406
009097538
009097554
009097562
009097571
009102434
009102469
009104160
009115960
009116729
009124390
009124403
009124420
009124438
009125019
009133861
009136703
009137467
009140549
009141626
009142771
009145681
009158928
009160442
009160591
009161953
009163221
009164472
009167111
009167587
009167811
009170863
009171428
009177990
009180010
009182012
009185534
009186379
009189297
009194045
009197401
009197554
009203893
009207325
009207422
009207589
009207601
009207805
009207911
009208046
009208097
009208143
009208194
009209662
009214925
009215026
009215115
009220160
009222626
009223151
009224149
009224823
009226346
009229850
009234063
009237280
009237780
009237798
009237836
009237925
009239103
009240713
009240853
009240861
009240888
009240896
009240900
009240985
009240993
009241019
009241167
009241183
009241191
009245472
009253068
009254161
009255397
009258264
009258817
009258825
009280090
009282106
009285628
009285784
009285792
009285806
009287795
009289607
009289658
009289682
009292632
009292721
009292802
009292934
009294244
009294414
009297049
009302514
009302573
009302697
009302719
009302727
009302743
009303693
009303740
009304002
009305483
009309187
009310452
009315349
009320873
009321497
009321535
009321675
009331034
009332324
009333398
009333428
009333461
009336613
009337342
009340327
009341340
009342761
009351329
009355839
009359311
009360859
009361243
009364978
009367977
009370072
009373624
009374124
009375686
009385177
009385606
009386475
009386858
009387391
009387421
009387651
009388877
009389458
009389563
009390731
009391371
009391410
009394605
009396501
009396705
009397132
009400800
009406875
009415157
009415173
009415190
009420169
009421131
009422277
009422307
009422625
009424946
009427848
009430105
009433252
009437908
009441310
009442260
009442294
009442359
009442383
009442499
009442529
009442537
009442570
009442588
009443291
009444352
009446281
009446320
009446605
009449477
009449663
009450009
009450017
009450491
009451749
009452141
009452966
009459014
009464344
009464891
009473157
009473513
009474137
009475125
009475168
009481753
009481818
009483365
009483411
009483713
009485031
009486011
009486097
009487239
009491627
009491791
009494707
009496726
009506845
009507256
009507345
009508341
009510133
009510176
009510184
009510192
009511351
009513507
009515020
009516743
009520112
009520350
009521887
009526510
009526757
009526820
009527141
009535276
009535772
009539905
009544071
009544585
009544623
009544640
009544682
009544739
009544747
009544771
009547614
009549269
009551247
009555196
009559621
009559665
009560670
009562583
009564021
009567623
009567917
009575294
009578242
009579834
009580654
009580671
009580786
009582983
009586300
009595686
009597379
009599045
009599479
009599690
009605169
009605258
009605304
009605347
009610804
009612599
009613935
009616942
009617965
009618767
009621865
009624317
009630929
009631593
009632034
009632948
009634509
009634517
009634533
009634541
009634568
009634576
009634606
009634614
009637800
009640118
009644113
009655654
009660828
009663177
009663231
009663291
009663789
009663975
009666079
009666711
009673920
009676945
009677062
009679782
009679804
009683747
009684191
009685464
009692908
009694463
009695001
009697306
009701575
009703713
009706445
009708804
009714804
009720073
009723137
009723269
009725938
009725954
009726047
009726071
009726853
009727698
009728899
009732063
009732489
009735194
009737545
009738908
009743171
009743511
009749306
009750851
009750878
009750932
009750967
009751572
009756116
009758356
009762400
009762566
009767100
009767118
009768629
009768742
009769960
009778730
009778748
009778764
009780173
009780505
009783661
009784713
009788794
009789618
009793356
009799931
009800476
009801979
009802975
009803173
009806909
009808388
009808957
009809244
009809651
009816909
009832271
009838546
009839178
009839534
009840796
009850481
009850988
009858555
009859471
009860991
009862358
009864563
009868429
009873589
009874305
009875476
009878505
009878823
009878874
009886974
009887245
009887270
009893270
009899065
009900845
009902708
009902791
009909231
009916148
009916920
009930744
009933591
009933816
009933905
009935461
009935495
009936041
009939628
009941053
009943480
009944699
009944745
009944753
009944770
009944788
009944796
009944800
009944826
009944842
009944851
009944869
009944877
009944893
009944907
009944915
009944931
009944940
009944958
009944966
009944974
009944991
009945008
009945016
009945024
009945032
009945041
009945059
009945067
009945075
009945083
009945091
009945105
009945113
009945121
009945130
009945148
009945156
009945172
009946144
009959912
009959971
009960007
009962956
009966854
009970142
009984925
009984933
009987797
009990941
009994050
009995587
009996010
010006044
010006061
010006087
010006109
010012702
010013351
010013911
010019090
010021795
010024000
010025103
010025154
010026801
010030263
010031863
010033271
010043233
010055479
010056394
010058168
010058192
010058249
010064451
010067736
010069976
010077227
010077278
010077308
010077537
010083456
010091081
010091564
010091653
010093150
010097309
010102574
010102850
010103198
010103201
010103376
010103627
010103864
010114360
010114947
010119710
010122842
010122851
010123831
010123954
010123962
010126902
010127372
010137581
010139630
010141596
010141723
010142045
010142061
010154779
010157808
010157859
010159371
010159428
010159452
010159461
010159479
010159495
010159525
010159533
010159550
010159568
010159592
010159614
010159622
010166394
010166408
010166424
010170499
010170529
010180001
010192255
010192271
010207538
010208640
010208682
010208712
010208828
010208861
010214054
010215492
010216740
010223380
010223771
010224231
010228268
010232087
010232991
010233571
010233628
010234853
010237321
010240608
010244727
010244881
010244891
010246207
010247271
010247335
010247424
010247823
010248994
010249702
010249745
010249770
010251642
010252177
010252479
010257144
010257502
010258884
010263365
010267727
010267760
010275398
010277587
010279865
010284591
010289739
010304371
010306757
010306765
010312099
010312421
010316337
010324267
010330216
010333231
010333258
010339477
010339591
010341323
010342214
010355383
010357653
010358951
010361766
010363360
010364153
010364617
010364625
010364650
010368094
010372059
010374132
010381856
010383352
010395539
010395547
010408720
010408738
010412930
010414002
010414029
010414096
010414126
010414525
010416188
010416196
010418725
010422862
010423231
010423605
010431721
010432663
010432671
010436677
010442600
010443070
010448641
010449531
010456708
010462171
010462376
010477527
010478655
010478663
010478671
010480315
010480340
010480374
010480595
010480617
010480641
010481168
010481222
010481249
010481265
010482415
010482440
010485856
010486712
010492500
010494731
010494758
010494791
010496742
010502351
010502416
010502858
010509232
010518126
010519114
010523863
010528075
010544526
010550402
010550704
010550810
010551034
010557245
010557253
010557261
010557270
010560394
010560408
010568824
010576932
010584978
010585664
010586750
010587594
010599011
010600680
010601937
010602003
010613528
010619275
010622276
010629645
010658742
010658769
010660992
010680063
010680080
010680934
010681043
010681426
010682511
010682571
010690816
010694544
010694986
010694994
010695010
010695231
010695320
010697110
010697179
010697187
010697714
010708481
010708944
010713921
010722971
010722980
010723081
010729968
010730541
010734295
010740481
010747486
010749446
010755748
010756094
010756345
010800018
010802916
010802924
010802932
010802941
010805257
010813039
010815627
010819266
010825011
010828303
010831100
010831126
010837795
010845101
010846719
010852221
010852433
010852450
010871217
010872451
010872477
010873872
010873881
010873899
010873902
010873911
010882375
010883975
010884921
010889272
010890009
010894268
010894578
010894586
010895493
010897577
010900331
010900373
010900527
010900543
010900560
010902210
010905308
010908137
010911791
010913416
010913483
010913505
010913521
010919201
010920820
010920854
010920897
010929193
010932941
010933573
010935410
010938346
010943943
010966731
010971009
010972544
010972595
010972609
010973605
010976523
010979514
010979981
010980148
010982060
010982078
010990208
010990496
010990607
010997580
010998101
010998152
010998195
010998772
010998781
011002492
011009583
011012129
011012447
011013516
011013583
011015021
011030682
011035790
011038977
011045728
011055863
011063114
011065494
011065516
011065532
011067993
011068001
011068485
011068493
011071052
011071427
011071753
011077247
011078286
011080086
011084308
011085525
011085550
011085746
011085771
011086980
011086998
011091428
011091495
011094737
011094745
011094966
011099691
011099704
011103183
011103990
011106557
011106590
011106859
011107898
011112921
011113774
011113961
011118831
011120258
011120495
011121319
011121334
011121335
011122145
011123231
011126396
011126451
011131713
011135018
011138041
011147555
011147814
011148080
011154691
011156384
011156406
011156414
011156431
011158239
011159529
011160195
011162031
011165481
011165618
011165626
011165651
011165880
011165901
011167742
011169290
011169311
011169338
011170522
011172541
011176750
011178141
011180382
011184396
011188537
011189819
011191058
011194804
011195088
011195118
011195169
011195398
011195452
011210290
011214015
011216671
011221377
011222271
011223758
011226188
011227362
011228188
011228571
011238191
011238399
011238402
011238437
011238488
011238496
011238526
011238551
011238585
011239590
011239808
011243341
011244674
011244950
011244968
011244976
011252588
011259493
011260289
011268646
011270349
011270420
011270594
011270624
011270683
011270951
011270969
011270993
011271019
011271027
011271035
011271043
011271141
011271272
011276924
011279575
011280255
011280271
011280280
011280310
011280328
011280344
011280352
011280411
011280433
011280468
011280506
011280549
011280671
011281162
011281549
011281782
011281821
011281855
011281871
011281901
011284234
011284242
011284251
011284269
011287781
011292792
011297549
011297565
011301864
011302623
011306963
011309261
011311932
011315695
011321547
011333022
011345331
011347511
011350491
011352337
011363282
011367091
011370653
011373831
011373849
011373865
011374152
011375019
011378310
011381141
011381302
011385839
011388005
011388021
011388056
011388064
011388072
011388081
011388099
011388102
011388111
011388129
011388137
011388145
011389133
011391031
011391961
011393301
011402342
011404787
011409347
011416181
011417099
011420987
011423242
011424818
011428309
011429330
011429348
011432004
011433001
011433663
011433701
011433710
011433833
011433876
011433884
011433892
011433914
011436727
011438827
011439378
011442794
011445891
011454181
011454903
011458321
011458348
011464593
011476583
011476630
011479710
011481013
011481030
011491795
011493445
011494093
011494115
011494123
011501642
011506113
011506156
011507454
011507586
011508132
011508159
011508167
011510536
011514507
011514523
011514531
011514540
011515210
011519061
011519967
011520876
011524863
011525614
011533714
011533731
011541148
011546191
011546727
011548215
011550449
011551275
011552361
011557753
011569166
011570296
011575069
011575085
011575093
011575107
011575115
011580291
011582766
011587849
011587881
011587920
011587989
011588039
011594560
011597496
011598026
011599961
011600535
011604409
011612009
011612033
011612041
011612576
011612614
011612657
011612703
011612746
011612789
011612801
011612827
011612835
011612843
011612860
011612878
011612886
011612916
011612932
011612967
011612983
011613211
011622423
011622431
011626852
011627565
011635754
011635789
011635801
011644541
011644559
011646438
011648546
011649909
011652314
011654198
011658363
011658371
011663341
011684186
011690160
011691069
011692618
011694297
011694319
011694327
011694335
011694343
011694351
011694360
011694378
011694394
011702508
011705191
011705612
011705621
011705639
011705647
011705655
011712228
011712244
011721031
011721430
011721570
011721901
011726598
011735422
011740230
011742411
011742429
011751240
011759135
011762217
011767791
011769807
011770767
011772344
011772352
011772361
011772671
011780088
011781769
011784717
011784725
011785799
011787015
011787929
011788259
011788674
011793031
011793040
011793392
011800925
011801093
011801115
011801557
011811137
011811897
011814608
011815108
011816635
011818107
011821817
011824646
011826045
011826185
011826487
011826622
011827360
011828501
011828510
011832878
011836539
011839465
011842334
011842342
011842351
011842377
011842385
011842393
011843039
011843047
011843055
011843063
011843071
011843136
011843152
011843187
011843195
011843209
011843217
011843381
011843659
011845163
011845406
011853905
011853913
011853921
011854006
011854456
011854464
011854472
011854481
011855533
011858982
011863854
011873744
011873752
011873761
011873779
011873787
011873795
011873809
011873817
011873825
011873833
011873892
011873906
011873914
011873922
011873931
011873949
011873957
011873965
011873973
011874228
011876212
011887672
011887681
011887699
011887702
011887711
011887729
011887737
011887745
011887753
011887761
011894687
011895811
011901721
011901756
011903015
011903341
011906286
011915056
011915064
011915935
011917628
011919876
011921790
011923890
011926929
011926937
011927801
011929227
011929472
011931477
011933640
011936142
011936258
011936592
011936606
011940182
011940212
011941502
011941537
011947357
011948019
011951893
011951991
011952610
011960175
011960183
011960205
011960213
011960388
011960426
011961589
011961597
011961619
011965568
011965592
011966645
011968303
011968788
011968796
011968800
011968818
011968826
011968834
011968842
011968851
011968877
011968885
011968907
011968923
011968931
011968940
011968966
011968974
011968991
011969008
011969024
011969032
011969229
011970472
011973811
011984830
011991275
011991763
011992042
011993242
011993791
011993910
011994061
012005517
012009610
012011746
012013943
012013978
012013994
012014010
012014702
012014711
012014729
012014753
012023965
012023981
012023990
012024031
012024040
012035173
012042897
012046248
012046264
012048372
012051055
012051241
012051349
012051446
012051543
012051705
012051781
012051942
012051985
012052001
012053058
012053091
012057665
012059111
012065765
012066150
012067008
012067016
012067113
012072664
012072672
012072702
012072753
012072788
012073008
012073822
012073946
012080217
012080225
012081094
012083151
012083160
012092363
012099996
012101401
012101419
012101427
012102229
012103365
012104124
012105023
012105031
012110680
012113280
012123331
012125202
012129283
012138215
012157881
012157902
012157911
012158631
012165182
012169641
012169650
012171549
012171565
012171590
012171972
012171981
012172669
012174513
012175137
012175145
012175153
012175161
012175170
012175188
012175196
012178756
012187704
012187739
012187771
012192996
012193062
012195791
012195812
012202738
012205192
012205206
012211001
012211028
012211036
012212474
012212512
012213713
012215601
012217221
012222038
012222178
012226939
012235776
012242811
012249602
012264920
012272558
012273864
012274470
012283606
012285943
012295167
012295191
012295205
012298450
012299766
012302449
012303976
012303992
012305022
012305031
012305995
012306622
012307203
012317136
012317144
012317152
012319651
012320099
012320102
012320111
012320137
012320145
012320161
012324558
012328626
012328987
012333948
012334031
012344176
012357022
012357049
012357073
012357081
012357111
012358070
012359131
012359181
012359238
012359254
012359351
012366277
012370291
012373761
012373788
012374202
012375446
012375543
012382817
012383678
012390712
012390739
012392464
012392499
012392545
012392570
012392600
012392626
012392634
012392651
012392685
012392715
012392731
012392740
012392863
012392880
012392898
012392910
012392944
012392961
012393266
012394211
012404667
012404691
012437484
012437948
012438006
012447633
012448613
012448621
012455130
012455741
012455806
012471062
012478334
012478415
012490610
012497983
012499341
012499617
012499625
012499633
012503789
012504793
012505242
012505374
012509612
012510343
012516244
012517372
012521507
012522694
012523623
012528960
012535885
012539341
012539368
012542512
012548600
012548620
012550981
012555193
012555207
012555215
012560715
012562386
012563463
012571075
012572373
012572403
012573311
012583219
012583235
012583251
012583260
012588211
012588423
012588539
012590070
012592005
012592421
012592439
012592561
012593125
012593141
012593150
012593176
012593184
012593206
012593214
012593222
012594300
012594334
012596558
012596621
012600661
012603643
012603911
012604097
012612375
012614521
012616541
012616559
012616567
012616575
012616583
012616591
012623245
012635693
012635766
012636908
012637475
012647632
012647639
012650013
012662089
012662101
012664880
012666068
012668354
012674044
012682781
012699900
012701734
012702544
012703575
012703605
012703711
012706311
012708895
012708917
012709026
012711292
012712213
012712353
012712477
012713155
012735752
012735761
012735779
012735787
012735795
012735809
012735817
012735825
012735833
012735841
012744123
012746738
012747335
012749273
012755001
012758922
012759210
012759244
012763179
012763187
012763195
012763209
012763225
012767425
012774383
012776408
012776521
012777331
012782297
012788171
012796051
012797499
012797502
012797511
012797537
012797553
012797570
012797596
012798568
012801542
012801569
012801593
012804258
012804266
012804291
012805157
012807818
012808148
012808156
012808164
012816493
012817538
012817708
012820016
012820024
012820032
012820148
012820164
012820181
012820199
012820202
012820237
012832618
012837890
012837920
012837946
012844420
012852538
012852562
012852589
012852627
012852643
012858501
012863513
012863548
012863572
012869996
012870455
012870463
012870846
012893731
012894991
012897523
012897914
012902039
012902098
012902161
012905267
012905275
012905330
012906948
012907341
012907359
012907367
012907375
012907669
012907723
012910791
012917656
012928666
012929204
012934399
012937746
012937801
012938726
012939692
012939820
012941034
012944254
012944289
012944319
012944335
012944360
012951081
012951099
012951145
012951439
012951536
012951561
012951587
012951609
012952443
012953377
012953849
012955213
012955914
012956473
012957682
012958573
012960187
012960454
012960501
012961841
012961906
012968501
012968684
012976814
012977098
012977365
012980439
012980463
012980480
012982342
012982351
012982369
012983039
012984272
012986771
012989401
012989614
012991763
012995771
012996408
012998001
012998087
012998125
012998141
012999652
012999679
012999687
012999695
012999709
012999717
012999768
012999776
012999784
012999792
012999806
012999822
012999831
013000187
013000713
013000748
013000802
013004468
013012541
013012550
013012568
013012576
013012584
013012592
013013629
013022326
013023802
013030485
013030779
013030884
013030906
013040391
013043218
013044192
013053683
013053705
013061208
013062972
013064223
013064231
013071858
013071866
013071874
013071882
013072323
013074679
013074989
013076639
013079506
013079514
013079522
013081446
013084151
013084488
013084500
013084526
013084551
013084585
013084925
013084950
013084984
013085018
013085352
013085395
013085441
013085522
013085549
013085824
013085981
013085999
013094441
013095528
013104900
013106040
013106066
013106082
013106104
013108191
013114166
013119621
013119885
013124480
013126393
013128795
013130625
013132741
013134396
013138804
013158929
013158945
013158961
013158988
013159241
013159259
013159780
013159801
013160974
013167073
013167090
013169033
013170895
013175131
013176986
013177664
013178172
013181025
013181084
013184563
013187155
013187449
013187872
013197550
013197568
013200992
013207113
013207172
013207334
013210301
013210319
013210327
013213296
013213300
013213318
013213326
013213334
013213342
013213351
013213369
013213377
013213385
013213440
013213504
013213512
013213521
013213539
013213903
013214764
013218441
013218557
013219491
013224280
013228480
013230859
013256254
013289454
013289497
013291891
013296761
013296868
013297091
013299484
013299492
013299506
013299514
013299531
013310534
013310569
013310585
013310593
013315714
013323172
013324713
013325396
013326147
013333402
013333429
013336282
013337661
013347331
013347616
013353683
013353693
013353705
013356488
013358481
013359495
013359509
013359762
013369202
013369377
013370049
013370227
013373544
013374141
013385721
013387502
013394169
013412663
013436597
013438077
013441825
013445839
013448218
013448773
013449885
013454391
013463365
013467778
013469029
013469037
013474499
013476165
013476203
013478044
013479938
013496441
013497367
013498584
013498592
013506111
013506129
013509969
013510410
013511696
013514695
013518241
013518283
013518313
013518372
013519336
013519387
013523562
013523716
013526774
013527509
013530607
013530615
013530623
013530631
013533151
013533169
013533177
013533185
013533193
013533207
013533215
013533223
013533231
013533240
013533258
013533266
013533274
013533282
013533291
013533304
013533312
013533321
013533339
013533347
013533355
013533363
013533371
013533380
013533398
013533401
013533410
013533428
013533436
013533444
013533452
013533461
013533479
013533487
013533495
013533509
013534475
013534491
013534505
013534513
013534548
013534793
013534858
013535218
013535226
013536796
013537172
013546422
013548140
013551582
013551604
013551621
013551639
013551647
013555529
013556746
013563572
013563581
013563611
013563629
013570668
013570692
013570714
013570731
013573021
013573977
013577191
013577770
013577796
013578928
013587099
013587111
013594648
013594681
013594711
013595555
013595571
013604601
013604660
013604856
013605003
013606956
013606972
013606981
013610431
013615505
013615548
013615556
013615572
013615581
013615599
013615611
013617494
013623028
013623516
013629395
013635107
013636120
013636464
013648454
013648543
013656937
013658778
013658786
013658808
013659537
013659774
013659782
013661442
013664051
013665251
013665260
013669648
013671324
013678558
013679872
013679929
013682351
013684833
013685261
013685287
013685295
013685317
013685538
013685562
013685597
013697838
013697846
013700723
013702785
013702793
013702807
013702815
013705121
013705130
013707108
013708791
013713299
013723189
013727800
013735799
013736752
013740679
013741853
013745191
013745298
013747088
013747142
013747631
013747649
013747690
013753410
013753428
013759965
013763636
013764047
013764055
013764071
013766074
013768689
013769359
013769707
013769821
013771736
013771752
013778366
013778412
013778421
013778463
013778943
013778960
013778978
013778986
013779001
013779176
013779192
013779249
013779265
013779281
013781731
013786831
013786857
013786873
013790137
013790145
013790153
013790269
013790277
013806025
013809563
013814893
013821083
013823876
013823884
013829424
013829521
013834291
013840037
013840916
013840932
013840941
013847481
013847627
013856707
013860593
013862766
013865862
013865994
013870131
013878727
013889354
013889389
013889401
013890573
013896652
013908391
013910388
013910396
013921843
013927493
013927531
013928333
013929887
013929895
013929909
013929917
013929925
013931938
013933710
013934015
013934023
013934333
013934341
013934350
013934902
013937022
013937600
013937626
013937723
013937740
013937766
013939106
013949144
013953630
013953648
013954342
013955136
013973592
014006642
014013991
014014009
014015455
014018098
014018128
014018161
014018195
014018225
014018250
014018292
014018331
014018381
014018535
014023903
014024012
014024195
014024616
014026287
014026295
014031507
014031515
014031574
014033135
014043785
014051300
014051800
014051818
014051826
014051834
014051842
014063727
014067561
014073323
014075431
014080338
014085691
014087600
014087626
014087651
014087669
014087685
014087707
014087723
014087731
014087766
014087791
014087821
014087839
014087863
014087880
014087910
014087936
014087961
014087987
014087995
014088045
014088061
014088088
014088096
014088100
014090350
014090376
014090414
014090422
014098059
014098083
014098091
014098105
014098113
014098121
014098130
014098156
014100177
014102161
014111411
014114810
014139278
014141221
014141302
014141906
014142550
014147238
014152533
014152541
014152550
014152568
014152576
014153823
014163616
014181100
014188473
014194261
014211131
014230011
014230712
014230887
014235421
014236426
014267535
014268248
014270625
014270650
014282089
014282208
014282216
014282224
014292297
014299500
014307600
014311682
014313855
014313871
014313898
014313928
014313936
014313952
014313987
014322480
014327341
014331357
014331373
014331381
014331390
014331420
014331438
014331446
014331454
014331471
014331501
014331527
014331535
014331675
014331691
014331721
014331748
014331764
014331781
014331802
014331829
014331845
014335310
014335972
014344025
014344041
014344611
014346354
014346362
014358034
014358042
014365898
014365928
014365944
014365961
014371596
014373041
014373084
014374269
014374633
014375168
014382822
014388391
014388421
014389304
014389347
014389380
014406055
014407051
014411016
014416689
014424690
014437578
014441977
014448793
014463512
014465078
014466899
014470521
014470659
014470667
014470683
014470691
014470705
014470713
014470730
014470748
014470756
014470772
014477025
014477041
014477092
014477106
014477114
014477122
014487331
014493705
014493900
014496470
014499860
014504090
014504103
014509407
014512807
014525101
014527073
014530694
014533529
014537842
014538245
014538415
014545705
014545748
014546264
014555140
014561166
014566753
014566761
014566770
014566796
014569108
014569116
014569132
014569141
014574551
014579448
014579456
014580624
014588960
014594897
014599490
014635941
014640384
014658704
014662167
014662621
014671581
014671603
014674874
014687585
014689901
014734516
014734583
014738015
014739119
014739348
014742659
014742675
014742705
014742721
014742748
014746697
014760541
014765039
014765047
014765055
014765063
014765071
014765390
014767562
014772043
014772051
014772060
014772124
014772451
014774534
014774551
014774569
014774585
014777019
014777029
014777215
014777223
014777231
014777525
014777649
014778807
014779111
014780704
014782171
014783061
014783487
014787504
014789850
014793466
014793512
014803372
014804891
014808871
014808889
014809362
014809532
014809541
014809575
014813467
014816393
014816474
014823152
014825961
014825970
014828120
014828138
014828162
014830183
014831635
014831643
014833328
014835592
014836980
014837234
014837790
014837803
014837811
014837838
014839253
014843293
014852454
014862484
014866218
014870002
014879468
014879476
014879484
014879492
014879506
014879514
014879522
014879531
014879549
014879557
014889285
014889510
014893991
014905795
014905817
014911051
014919443
014945291
014948532
014948605
014949288
014952491
014953005
014953021
014953609
014959615
014959623
014960621
014962209
014962454
014965712
014966611
014966638
014967090
014970953
014971631
014974371
014974398
014974401
014974975
014974983
014974991
014975009
014975025
014975033
014979152
014979179
014980801
014981343
014981696
014981734
014981777
014987911
014988003
014991942
014992779
014992906
014993368
014997975
014999072
015004520
015005330
015008111
015010783
015019951
015023443
015031764
015031772
015036782
015040135
015046699
015047652
015048781
015053415
015057089
015060764
015061027
015064689
015067131
015067491
015069931
015070808
015071472
015071871
015072657
015074994
015079091
015080269
015080277
015081478
015081494
015083381
015091422
015093867
015094839
015096874
015101240
015104630
015106110
015106675
015107418
015110346
015117057
015120139
015123031
015123057
015129365
015133001
015133010
015133036
015133044
015133061
015133079
015133664
015139093
015140059
015164420
015164446
015164462
015164471
015164497
015169316
015177530
015177556
015184889
015184897
015184901
015184919
015184927
015185877
015185893
015186474
015187799
015187802
015187811
015189295
015190927
015192101
015194311
015194418
015194434
015194981
015195066
015195074
015195082
015195091
015196062
015196089
015196097
015197522
015200175
015200442
015200485
015200493
015200531
015201589
015205801
015205819
015209890
015211819
015217493
015219542
015219569
015220141
015220168
015220320
015220338
015220346
015221385
015221431
015229114
015229408
015229831
015229858
015229866
015229882
015229971
015244857
015244881
015244903
015244962
015244971
015245004
015249697
015253651
015263843
015273717
015276163
015277615
015280039
015280497
015285367
015285375
015285537
015286312
015288838
015289214
015290018
015297756
015305902
015305911
015305929
015306275
015306291
015306305
015306313
015307484
015322955
015338797
015357872
015357881
015357899
015359913
015359930
015359948
015362426
015365620
015365646
015365662
015365697
015367282
015372944
015373177
015373436
015373444
015373461
015373568
015373622
015374327
015376079
015379248
015383423
015389529
015390284
015410706
015417492
015421457
015433412
015436616
015449980
015449998
015453952
015453961
015454240
015454258
015454266
015454274
015454291
015454304
015454321
015454339
015454347
015454355
015454363
015454380
015454401
015454410
015454461
015455951
015456692
015456706
015456781
015456811
015456838
015456854
015456862
015456889
015456897
015456901
015456919
015456927
015456935
015456951
015458008
015458555
015460274
015468691
015472973
015472981
015473015
015473023
015473031
015473040
015473058
015473066
015473074
015473082
015474461
015474470
015474488
015474518
015474534
015474542
015475158
015475166
015478173
015478181
015478254
015478297
015478351
015478416
015479488
015481239
015481247
015483649
015487831
015487849
015493059
015495434
015495469
015495591
015499359
015499405
015499502
015499596
015499618
015499669
015500276
015500284
015500292
015509010
015512771
015513190
015513211
015513238
015513271
015513297
015526143
015526950
015529142
015529177
015530582
015530604
015532780
015534219
015534227
015534235
015534243
015535649
015540456
015540901
015540910
015542572
015558223
015558258
015558304
015566889
015571009
015571726
015571815
015573117
015575349
015575357
015577988
015577996
015584291
015584305
015584313
015585743
015585778
015585808
015585824
015587355
015589587
015599370
015603091
015603156
015603181
015603202
015603229
015603237
015603253
015603296
015603652
015603911
015603954
015604802
015606473
015607674
015620123
015620131
015622819
015622835
015626148
015626164
015626172
015633021
015634710
015634787
015640124
015644529
015644537
015644545
015644553
015644561
015644570
015645533
015645541
015645568
015645584
015651673
015653587
015657302
015659828
015660605
015668878
015669084
015669602
015669645
015670155
015670171
015670198
015691004
015691039
015691055
015691063
015691071
015691080
015691098
015691110
015691756
015701671
015701697
015701701
015701719
015703878
015704424
015704653
015704661
015704696
015704700
015704718
015704726
015704742
015704751
015704769
015707717
015707725
015707741
015707750
015707776
015707792
015707814
015707831
015707849
015707873
015707881
015707903
015707920
015707946
015707971
015708004
015708012
015708047
015708055
015708403
015708535
015708543
015708560
015708578
015708586
015708594
015708608
015708616
015708624
015708632
015708641
015708659
015708667
015708691
015708695
015708705
015708721
015708730
015708756
015708764
015708772
015708837
015708853
015708861
015708870
015708900
015708934
015708951
015708977
015709043
015709078
015709094
015709108
015709167
015709175
015709183
015709191
015709205
015709213
015709230
015709248
015709256
015709264
015709272
015709281
015709299
015709311
015709337
015709388
015709400
015709434
015709469
015709485
015709507
015712869
015712907
015712915
015713253
015713261
015723704
015726576
015727726
015729001
015729095
015736326
015736393
015736946
015736971
015737225
015737276
015737730
015740838
015742695
015743811
015744817
015745554
015745562
015745805
015745813
015745821
015747212
015755738
015760090
015760162
015764702
015764711
015764729
015775321
015775364
015775429
015775445
015775461
015775488
015775500
015776450
015778878
015793711
015810186
015810194
015811662
015815684
015816036
015816125
015817555
015822141
015822150
015827488
015827500
015834034
015834042
015835171
015835189
015854990
015855015
015855031
015859771
015860400
015863310
015864081
015864090
015875121
015880400
015890309
015890317
015890325
015890333
015891810
015903940
015903958
015912159
015913180
015913201
015913970
015918696
015933644
015943194
015948528
015949656
015961648
015961656
015961664
015961672
015961681
015961699
015961702
015961711
015961737
015961745
015961761
015961770
015961788
015961796
015961800
015961826
015961834
015961842
015961851
015961869
015961877
015961885
015961893
015961907
015961915
015961923
015961931
015961940
015961958
015961974
015961982
015961991
015962008
015962016
015962024
015962032
015962041
015962059
015962067
015962075
015962083
015962091
015962105
015962423
015962831
015962849
015967051
015971228
015971236
015971244
015972461
015973379
015975304
015975312
015975321
015975339
015975347
015978443
015980294
015989402
015999173
016002725
016022050
016022602
016042298
016049039
016054971
016055454
016057414
016067991
016069480
016077016
016077024
016077598
016079205
016082583
016085817
016085884
016088051
016088069
016088387
016095324
016095332
016095341
016096223
016099168
016101693
016105541
016105575
016105583
016117875
016119266
016120132
016120141
016120159
016124715
016125231
016125240
016128583
016137027
016137035
016138341
016145194
016153375
016158415
016158423
016158431
016167465
016167481
016167490
016168429
016169069
016175824
016178459
016178556
016178572
016178581
016178602
016180470
016187270
016191412
016197313
016197321
016197330
016197348
016198506
016200993
016204409
016204417
016204425
016204433
016204441
016204581
016204603
016205928
016212908
016212916
016214463
016230035
016230302
016232208
016233115
016234430
016237366
016239245
016248716
016257448
016270860
016270878
016270886
016270894
016272510
016280687
016280695
016281641
016281667
016281683
016281705
016281721
016309677
016309685
016315863
016317726
016317734
016317742
016320034
016324447
016328175
016344529
016348346
016348354
016356047
016360214
016360559
016360605
016360613
016360842
016360851
016363116
016364970
016367723
016372492
016373227
016374771
016394917
016397410
016399684
016400593
016402243
016406401
016407083
016407571
016417461
016417470
016420551
016448596
016455070
016475844
016475933
016481232
016550595
016552229
016554621
016560213
016560221
016560248
016560264
016560272
016560281
016560299
016560302
016566602
016570511
016570588
016570685
016575512
016590180
016595718
016607261
016616961
016629256
016632443
016635001
016649583
016659627
016663179
016669011
016675053
016675274
016675355
016679831
016697014
016697804
016707591
016708601
016710215
016717465
016717899
016718275
016720487
016721543
016767225
016771095
016779002
016779525
016779541
016779568
016779576
016779592
016779614
016779622
016779649
016779657
016779673
016779681
016779703
016779738
016779746
016779762
016779801
016779827
016779860
016779886
016779908
016779924
016779967
016779983
016780051
016780060
016780094
016780116
016780124
016780141
016780167
016780175
016780191
016780213
016780221
016780248
016780264
016780272
016780302
016780329
016780337
016780345
016780361
016780370
016780396
016780418
016780434
016780442
016780469
016780485
016780507
016780515
016780531
016780540
016780566
016780582
016780591
016780612
016780639
016780647
016780663
016780680
016780698
016780710
016780736
016780744
016780761
016780795
016780809
016780825
016780841
016780850
016780876
016780892
016780906
016780922
016780931
016780957
016780965
016780973
016780981
016780990
016781007
016781015
016781023
016781031
016781040
016781058
016781066
016781074
016781082
016781091
016781104
016781112
016781121
016781139
016781147
016781155
016781163
016781171
016781546
016781562
016781571
016781589
016781597
016807227
016827562
016827571
016827597
016835239
016835255
016835263
016849736
016858511
016858620
016858638
016858646
016858654
016858662
016858671
016858689
016858697
016858701
016858719
016858727
016858735
016858751
016858760
016858786
016858794
016858808
016858824
016858841
016858867
016858883
016858891
016858913
016858930
016858956
016858964
016858972
016858981
016858999
016859006
016859014
016859022
016859031
016859049
016859057
016859065
016859073
016859090
016859146
016859162
016859197
016859278
016859308
016859316
016859375
016859383
016859405
016859430
016859481
016859502
016859511
016859545
016859570
016859600
016863712
016864867
016874480
016923961
016926099
016927818
016927826
016927834
016996119
017001897
017002834
017020514
017026903
017029015
017030188
017030871
017034094
017034294
017035988
017046157
017046645
017050651
017050936
017052556
017054826
017057477
017057493
017061610
017065046
017066719
017066956
017066964
017082391
017083621
017083834
017093244
017114756
017121680
017122805
017132037
017146208
017146569
017147824
017169097
017169101
017169127
017169135
017169143
017169160
017169178
017169186
017169194
017169208
017169224
017169241
017169259
017169267
017169283
017169305
017169313
017169330
017169348
017169356
017169364
017169372
017169381
017169399
017169402
017169411
017169429
017169437
017169445
017169453
017169461
017169470
017169488
017169496
017169500
017169518
017169526
017169534
017169542
017169551
017170770
017172101
017174490
017219434
017230110
017230187
017236436
017240972
017273064
017273161
017273218
017288568
017306566
017311497
017311501
017311519
017315417
017315565
017316383
017321751
017321760
017321778
017321786
017321794
017321808
017321816
017321824
017321832
017321859
017321867
017321875
017321883
017321891
017321905
017321913
017321921
017321930
017321948
017321956
017321964
017321972
017321981
017321999
017322006
017322014
017322022
017322031
017322049
017322057
017322065
017322073
017322081
017322090
017322103
017322111
017322120
017322138
017322146
017322154
017322162
017322171
017322189
017322197
017322201
017322227
017322235
017322251
017322260
017322278
017322286
017322294
017322308
017322316
017322324
017322332
017322341
017322359
017322367
017322375
017322383
017322391
017322405
017322413
017322421
017322430
017322448
017322456
017322464
017322472
017322481
017322499
017322502
017322511
017322529
017322537
017322545
017322553
017322561
017322570
017322596
017322600
017322618
017322626
017322634
017322642
017322651
017322669
017322677
017322685
017322693
017322707
017322715
017322723
017322731
017322740
017322766
017322774
017322782
017328934
017331382
017332133
017334608
017335540
017338191
017341108
017341132
017341159
017341167
017341175
017341183
017341191
017341205
017341213
017341221
017341230
017341248
017341256
017341264
017341272
017341281
017341485
017341515
017341531
017341558
017341574
017341591
017341612
017341647
017341655
017341671
017341701
017347106
017352312
017352886
017363047
017371414
017371686
017371694
017371708
017371716
017371724
017371732
017371741
017371759
017371767
017371775
017371783
017371791
017371805
017371813
017372131
017372941
017374383
017376858
017378338
017389046
017390133
017390141
017396514
017396689
017399131
017399149
017399157
017400112
017401437
017401631
017405475
017405777
017405882
017410321
017423147
017426499
017427096
017427576
017430291
017430305
017430313
017430321
017430330
017430348
017430356
017430364
017430372
017430381
017430399
017430402
017430411
017430429
017430445
017430453
017430461
017430470
017430488
017430496
017430500
017430518
017430526
017430534
017430542
017430551
017430569
017430577
017430585
017430593
017430607
017430615
017430623
017430631
017430640
017430658
017430666
017430674
017430682
017430691
017430704
017430712
017430739
017430755
017430771
017430780
017430798
017430801
017430810
017436478
017439205
017444667
017444675
017444683
017450896
017453453
017459117
017468388
017468396
017469325
017477107
017482445
017482453
017482577
017483093
017493480
017493528
017498562
017502217
017504368
017507910
017512058
017512093
017536961
017545803
017556252
017558841
017558859
017558867
017558875
017558883
017558891
017558905
017558913
017558921
017558930
017558964
017558981
017558999
017559014
017559022
017559031
017559049
017559057
017559073
017559081
017559090
017559103
017559111
017559120
017559138
017559146
017559154
017559162
017559171
017559189
017561647
017570611
017570620
017570638
017570646
017570654
017570662
017570671
017570689
017570697
017570701
017570719
017570727
017570735
017570743
017570751
017570760
017570778
017570786
017570794
017570808
017570816
017570824
017570832
017570841
017570859
017570867
017570875
017570883
017570891
017570905
017570913
017570921
017570930
017574145
017574544
017574579
017574625
017579546
017594995
017604656
017613680
017626731
017628725
017635586
017653070
017656320
017657911
017673348
017673356
017674999
017680026
017681448
017689449
017703654
017703662
017703671
017703689
017703697
017703701
017703719
017703727
017703735
017703743
017703751
017703760
017703778
017703786
017703794
017703808
017703816
017703824
017703841
017703859
017703875
017703883
017703891
017703905
017703913
017703921
017703930
017703948
017703956
017703964
017703972
017703981
017703999
017704006
017704014
017704022
017704031
017704049
017704057
017704065
017704073
017704081
017704090
017704103
017704120
017704138
017704146
017704154
017704162
017704171
017704189
017704197
017705061
017706816
017708991
017714800
017730031
017730040
017737656
017738512
017739128
017739136
017744610
017744628
017744636
017744644
017744652
017744661
017744679
017744687
017744695
017744709
017744717
017744725
017744733
017744741
017744750
017744768
017744776
017744784
017744792
017744814
017744822
017744831
017744849
017744857
017744865
017744873
017744881
017744890
017744903
017744911
017745080
017745195
017745209
017745217
017745225
017745233
017745241
017745250
017745268
017745276
017745284
017745292
017745306
017745314
017745322
017745331
017745349
017745357
017745365
017745373
017745381
017745390
017745403
017745411
017745420
017745438
017745446
017745454
017745462
017745471
017745489
017745497
017745501
017745519
017745527
017745535
017745543
017745551
017745560
017745578
017745586
017745594
017745608
017745616
017745624
017745632
017745641
017745659
017745667
017745675
017745683
017745691
017745705
017745713
017745721
017745730
017745748
017745756
017745764
017745772
017745781
017745802
017745837
017745845
017745853
017745861
017745870
017747473
017747481
017749701
017752345
017752353
017753112
017753180
017757371
017759374
017759854
017760313
017767695
017767709
017768471
017769965
017775353
017777381
017778620
017782236
017788480
017792339
017796911
017797462
017797471
017808359
017808391
017808588
017825393
017830273
017831601
017834856
017835992
017837588
017837791
017838657
017838665
017838703
017838754
017839165
017853346
017854148
017854164
017854172
017854181
017858224
017861900
017861918
017861926
017861934
017861942
017871735
017871743
017874653
017877261
017877270
017882192
017885582
017886775
017889006
017895600
017895758
017898528
017902037
017913896
017920779
017921406
017931070
017936012
017939518
017940605
017941709
017941831
017941857
017941865
017941911
017947324
017947332
017947341
017948258
017950881
017956731
017961190
017964156
017964636
017964661
017964679
017964687
017964695
017964709
017964717
017964725
017964733
017964741
017964750
017964768
017964776
017964784
017964792
017964806
017964814
017964822
017964831
017964849
017964857
017964873
017964881
017964890
017968267
017968275
017968283
017968291
017968305
017968313
017968321
017968330
017968348
017968356
017968364
017968372
017968381
017968399
017968402
017968411
017968429
017968437
017968445
017968453
017968461
017968470
017968488
017968496
017968500
017968518
017968526
017968534
017968542
017968551
017968569
017968577
017968585
017968593
017968607
017968615
017968623
017968631
017968640
017968658
017968666
017968674
017968682
017968691
017968704
017968712
017968721
017968739
017968747
017968755
017968763
017968771
017968780
017968798
017968801
017968810
017968828
017968836
017968844
017968852
017968861
017968879
017968887
017968909
017968925
017968933
017968941
017968950
017968968
017968976
017968984
017968992
017969000
017969018
017969026
017969034
017969042
017969051
017969069
017969077
017969085
017969093
017969107
017969115
017969123
017969131
017969140
017969158
017969166
017969174
017969182
017969191
017969204
017969212
017969221
017969239
017969247
017969255
017969263
017969271
017969280
017969298
017969301
017969310
017969328
017969336
017969344
017969352
017969361
017969379
017969387
017969395
017969409
017969417
017969425
017969433
017969441
017969450
017969468
017969476
017969484
017969492
017969506
017969514
017969522
017969531
017969549
017969557
017969565
017969573
017969581
017969590
017969603
017969611
017972647
017972655
017972663
017972671
017972680
017972698
017972701
017972710
017972728
017972736
017972744
017972752
017972761
017972779
017972787
017972795
017972809
017972817
017972825
017972833
017972841
017972850
017972868
017972876
017972884
017972892
017972914
017972922
017972931
017972949
017972957
017972965
017972973
017972981
017972990
017973007
017973015
017973066
017973074
017973082
017973104
017973112
017973121
017973139
017973147
017973155
017973970
017979790
017981620
017981646
017983690
017984076
017992290
017992303
017992311
017992320
017992354
017992362
017992389
017992427
017992443
017992451
017992460
017992478
017992486
017992494
017995361
017997101
018003176
018004784
018004806
018004814
018004822
018004831
018004849
018004857
018004865
018004873
018004881
018004890
018004903
018006833
018024088
018025358
018028446
018028535
018037542
018039006
018042104
018043411
018046916
018051898
018056971
018057349
018060188
018060196
018060561
018060676
018062610
018066216
018078109
018078117
018079547
018080715
018084800
018085326
018085814
018089887
018089895
018090184
018094015
018094023
018094031
018094040
018094058
018094066
018094074
018094082
018094091
018094104
018094112
018094121
018094139
018094147
018094155
018094163
018094171
018094180
018094201
018094210
018094236
018094244
018094261
018094309
018094317
018094333
018094350
018094376
018094392
018094406
018094422
018094449
018094465
018094481
018094503
018094538
018094562
018094589
018094597
018094601
018094619
018094635
018094651
018094660
018094686
018094694
018094716
018094732
018094759
018094767
018094775
018094783
018094791
018094813
018094830
018094856
018094872
018094881
018094911
018094937
018094945
018094953
018094970
018094996
018095011
018095020
018095038
018095046
018095054
018095071
018095097
018095101
018095119
018095127
018095143
018095160
018095178
018095186
018095208
018095216
018095232
018095259
018095267
018095275
018095291
018095305
018095313
018095321
018095330
018095356
018095372
018095381
018095399
018095402
018095411
018095429
018095437
018095445
018095461
018100902
018102395
018103251
018119671
018129668
018129676
018129684
018129692
018129706
018129714
018129722
018129731
018129749
018129757
018129765
018129773
018129781
018129790
018129803
018129811
018129820
018129838
018129846
018129854
018129862
018129871
018129889
018129897
018133649
018138551
018138861
018139191
018141820
018156720
018156738
018156967
018157254
018158234
018158235
018159168
018159176
018159184
018167209
018167675
018167683
018167691
018167705
018167713
018167721
018167730
018167748
018167756
018167764
018167772
018167781
018167799
018167802
018169481
018169490
018169503
018169511
018169520
018169538
018169546
018169554
018169562
018169571
018169589
018169597
018169601
018169619
018169627
018169635
018169643
018169651
018169660
018169678
018169686
018169694
018169708
018169716
018169724
018169732
018169741
018169759
018169767
018169775
018169783
018169791
018169805
018169813
018169821
018169830
018169848
018169856
018169864
018169872
018169881
018169899
018169902
018169911
018169929
018169937
018169945
018169953
018169961
018169970
018169988
018172849
018172857
018172865
018172873
018172881
018172890
018172903
018172911
018172920
018172938
018172946
018172954
018172962
018172971
018172989
018172997
018173004
018173012
018173021
018173039
018173047
018173055
018173063
018173071
018173080
018173098
018173101
018173110
018173128
018173136
018173144
018173152
018173161
018173179
018173187
018173195
018173209
018173217
018173225
018173233
018173241
018173250
018173268
018173276
018173284
018173292
018173306
018173314
018173322
018173331
018173349
018173357
018173365
018173373
018173381
018173390
018173403
018173411
018173420
018173438
018173446
018173454
018173462
018173471
018173489
018173497
018173501
018173519
018173527
018173535
018173543
018173551
018173560
018173578
018173586
018173594
018173608
018173616
018173624
018173632
018173641
018173659
018173667
018173675
018173683
018178502
018186238
018186246
018187498
018190898
018191941
018195296
018195652
018199640
018199666
018204228
018204236
018215351
018217176
018218181
018223834
018223842
018223851
018223869
018223877
018223885
018223893
018223907
018223915
018223923
018223940
018223958
018223966
018223974
018223982
018223991
018224008
018224016
018224024
018224032
018224041
018224059
018224067
018224075
018224083
018224091
018224105
018224121
018224130
018224148
018224156
018224164
018224172
018224181
018224199
018224202
018224211
018224229
018224237
018224245
018224261
018224288
018224300
018224334
018224351
018224377
018224407
018224423
018224440
018224474
018224491
018224521
018224547
018224563
018224580
018224610
018224636
018224652
018224687
018224709
018224725
018224741
018224768
018224792
018224814
018224831
018224865
018224881
018224911
018224938
018224954
018224971
018224997
018225012
018225047
018225063
018225098
018225110
018225128
018225136
018225144
018225152
018225161
018225179
018225195
018225225
018225241
018225268
018225292
018225314
018225331
018225349
018225357
018225365
018225390
018225411
018225446
018225462
018225489
018225535
018225551
018225578
018225608
018225624
018225659
018225675
018225705
018225730
018225756
018227597
018228551
018228569
018229662
018229671
018229689
018229697
018229701
018229719
018229727
018229735
018229743
018229751
018229760
018229778
018229786
018229794
018229808
018229816
018229824
018229832
018229841
018229859
018229867
018229875
018229883
018229891
018229905
018229913
018229921
018229930
018229948
018229956
018229964
018229972
018229981
018229999
018230008
018230016
018230024
018230032
018230041
018230059
018230067
018230075
018230083
018230091
018230105
018234062
018234381
018242936
018243312
018243321
018247237
018247270
018247296
018247318
018247326
018247342
018247369
018247610
018247628
018247636
018247644
018247652
018247679
018247687
018247695
018247709
018247717
018247725
018247733
018247741
018247750
018247768
018247776
018247784
018247792
018247806
018247814
018248012
018248021
018248055
018248080
018248101
018248128
018248144
018248161
018248187
018248195
018248217
018248233
018248250
018248268
018248284
018248292
018248306
018248314
018248322
018248331
018248349
018248357
018248365
018248373
018248381
018248390
018248403
018248411
018248420
018248438
018248446
018248454
018248462
018248471
018248489
018248497
018248519
018248527
018248535
018248543
018248551
018248560
018248578
018248586
018248594
018248608
018250297
018251820
018251871
018251889
018251897
018251901
018251919
018251927
018251935
018251951
018251986
018251994
018252001
018252010
018252028
018252036
018252044
018252052
018252061
018252079
018252087
018252095
018252109
018252117
018252125
018252133
018252141
018252150
018252168
018252176
018252184
018252192
018252206
018252214
018252222
018252231
018252249
018252257
018252265
018252273
018252281
018252290
018252303
018252338
018252354
018252389
018252401
018252427
018252451
018252486
018252508
018252524
018252541
018252559
018252567
018252575
018252583
018252605
018252613
018252621
018252630
018252648
018252656
018252664
018252672
018252681
018252699
018252702
018252711
018252729
018252737
018252745
018252761
018256449
018256457
018256465
018256473
018256481
018256538
018256554
018256562
018256589
018256601
018256619
018256635
018256651
018256660
018256686
018256694
018256716
018256724
018256741
018256767
018256783
018256791
018256813
018256821
018256830
018256848
018256856
018256864
018256872
018256881
018256899
018256902
018256911
018256929
018256945
018256953
018256961
018256970
018256988
018256996
018257003
018257011
018257020
018257038
018257046
018257054
018257062
018257071
018257089
018257097
018257101
018257119
018257127
018257135
018257143
018257151
018257160
018257178
018257186
018257194
018257208
018257216
018257224
018257232
018257241
018257259
018257267
018257275
018257283
018257291
018257305
018257313
018257321
018257348
018257356
018257364
018257372
018257381
018257399
018257411
018257429
018257437
018257445
018257453
018257461
018257470
018257488
018257496
018257500
018257518
018257526
018257534
018257542
018257551
018257569
018257577
018257585
018257593
018257607
018257615
018257623
018257631
018257640
018257658
018257666
018257674
018257682
018257691
018257704
018257712
018257721
018257739
018257747
018257755
018257763
018257771
018257780
018257798
018257801
018257828
018257861
018257879
018257887
018257895
018257909
018257917
018257925
018257933
018257941
018257950
018257968
018257976
018257984
018257992
018258000
018258018
018258026
018258034
018258042
018258051
018258069
018258077
018258085
018258093
018258115
018258123
018258131
018258140
018258158
018258166
018258174
018258182
018258191
018258204
018258212
018258221
018258239
018258247
018258255
018258263
018258271
018258280
018258298
018258301
018258310
018258328
018258344
018258352
018258379
018258395
018258417
018258425
018258441
018258450
018258468
018258476
018258484
018258492
018258506
018258514
018258522
018258531
018258549
018258557
018258565
018258573
018258581
018258590
018258603
018258611
018263992
018269770
018270361
018271821
018274285
018278051
018278094
018278108
018280587
018280595
018280609
018280617
018280625
018280633
018280641
018280650
018280668
018280684
018280692
018280706
018280714
018280889
018280897
018280901
018287549
018290825
018290833
018294499
018298192
018298206
018298214
018298222
018298231
018298249
018298257
018298265
018298273
018298281
018300235
018302912
018302921
018302939
018302947
018302955
018302963
018302971
018302980
018302998
018303005
018303013
018303021
018303030
018303048
018303056
018303064
018303072
018303081
018303099
018303102
018303111
018303129
018303137
018303145
018303153
018303161
018303170
018303188
018303196
018303200
018303218
018303226
018303234
018303242
018303251
018303269
018303277
018303285
018303293
018303307
018303315
018303323
018303668
018303676
018304303
018306608
018306616
018309640
018311717
018314112
018316247
018319289
018319297
018319301
018319319
018319327
018319335
018319343
018319351
018319360
018319378
018319386
018319408
018319416
018319424
018319432
018328873
018328903
018328920
018328946
018328997
018329012
018329021
018329039
018329055
018329063
018329071
018329080
018329098
018329101
018329110
018329136
018329144
018329152
018329161
018329179
018329187
018329195
018329209
018329225
018329241
018329276
018329306
018329322
018329365
018329381
018329403
018329420
018329438
018329705
018344429
018346855
018346863
018346871
018346880
018350194
018352553
018352821
018353410
018357971
018357997
018358004
018358012
018358021
018358039
018358047
018358055
018358063
018358071
018358080
018358098
018358101
018358110
018358128
018358136
018358144
018358152
018358161
018358179
018358187
018358195
018358209
018358217
018358225
018358233
018358241
018358250
018358268
018358276
018358284
018358292
018358306
018358314
018358322
018358331
018358349
018358357
018358365
018358373
018358381
018358390
018358403
018358411
018358420
018358446
018358454
018358462
018358471
018358489
018358497
018358501
018358519
018358527
018358535
018358543
018358551
018358560
018358578
018358586
018358594
018358608
018358616
018358624
018358632
018358641
018358659
018358667
018358675
018358683
018358705
018358713
018358721
018358730
018358748
018358756
018358764
018358772
018358781
018358799
018358802
018358811
018358829
018358837
018358845
018358853
018358861
018358870
018358888
018358896
018358900
018358918
018358926
018358934
018358942
018358951
018358969
018358977
018358985
018358993
018359001
018359019
018359027
018359035
018359043
018359051
018359060
018359078
018366813
018366821
018366830
018366848
018366856
018366864
018366872
018366881
018366899
018366902
018366911
018367119
018368180
018368875
018368883
018368905
018368913
018368921
018368930
018368948
018368956
018368964
018368972
018368981
018374352
018374361
018374379
018374387
018374395
018374409
018374417
018374425
018374433
018374441
018374450
018374468
018374476
018374484
018374492
018374506
018374514
018374522
018374531
018374549
018374557
018374565
018374573
018374581
018374590
018374603
018374611
018374620
018374638
018374646
018374654
018374662
018374671
018374689
018374697
018374719
018374727
018374743
018374751
018374760
018374778
018374786
018374794
018374808
018374816
018374824
018374832
018374841
018374859
018374875
018374883
018374891
018374905
018374913
018374921
018374930
018374948
018374956
018374964
018374972
018374981
018374999
018375006
018375014
018375022
018375031
018375049
018375057
018375065
018375073
018375081
018375090
018375103
018375111
018375120
018375138
018375146
018375154
018375162
018375171
018375189
018375197
018375201
018375219
018375227
018375235
018375243
018375251
018375260
018375278
018375286
018375294
018375308
018375316
018375324
018375332
018375341
018375359
018375367
018375375
018375383
018378285
018379001
018380620
018381260
018381278
018381286
018381294
018381308
018381316
018381324
018381332
018381341
018381359
018381367
018381375
018381383
018381391
018381405
018381413
018381421
018381430
018381448
018381456
018381464
018381472
018381481
018381499
018381502
018381511
018381537
018381545
018381561
018381570
018381588
018381596
018381600
018381618
018381626
018381634
018381642
018381651
018381669
018381677
018381685
018381693
018381707
018381715
018381723
018381731
018381740
018381758
018381766
018381774
018381782
018381791
018381804
018381812
018381821
018381839
018381847
018381855
018381863
018381871
018381880
018381898
018381901
018381910
018381928
018381936
018381944
018381952
018381961
018381979
018381987
018382009
018382011
018382016
018382025
018382029
018382033
018382037
018382041
018382045
018382050
018382053
018382061
018382068
018382070
018382076
018382084
018382088
018382092
018382096
018382100
018382114
018382118
018382122
018382126
018382131
018382134
018382142
018382149
018382151
018382157
018382165
018382169
018382173
018382177
018382181
018382185
018382190
018382193
018382203
018382207
018382211
018382215
018382220
018382223
018382231
018382238
018382240
018382246
018382254
018382258
018382262
018382266
018382274
018382282
018382291
018382312
018382321
018382339
018382347
018382355
018382363
018382371
018382380
018382398
018382401
018382410
018382428
018382436
018382444
018382452
018382461
018382479
018382487
018382495
018382509
018382517
018382525
018382533
018382541
018382550
018382568
018382576
018382690
018382746
018382754
018382762
018382771
018382789
018382797
018382801
018382827
018382835
018382843
018382851
018382860
018382878
018382886
018382894
018382908
018382916
018382924
018382932
018382941
018382959
018382967
018382983
018382991
018383009
018383025
018383033
018383041
018383050
018383068
018383076
018383084
018383092
018383106
018383114
018383122
018383131
018383149
018383157
018383165
018383173
018383181
018383190
018383203
018383211
018383220
018383238
018383246
018383254
018383262
018383271
018383289
018383297
018383301
018383319
018383327
018383335
018383343
018383351
018383360
018383378
018383386
018383394
018383408
018383416
018383424
018383432
018383441
018383451
018383459
018383467
018383475
018383483
018383491
018383505
018383513
018383521
018383530
018383548
018383556
018383564
018383572
018383581
018383599
018383602
018383611
018383629
018383637
018383645
018383653
018383661
018383688
018383696
018383726
018383734
018383742
018383769
018383777
018383785
018383793
018383807
018383815
018383823
018383831
018383840
018383858
018383866
018383874
018383882
018383891
018383904
018383912
018383921
018383939
018383947
018383955
018383963
018383971
018383980
018383998
018384005
018384013
018384021
018384030
018384048
018384072
018384081
018384099
018384102
018384111
018384129
018384137
018384145
018384153
018384161
018384170
018384188
018384196
018384200
018384218
018384226
018384234
018384242
018384251
018384269
018384277
018384285
018384293
018384307
018384315
018384323
018384331
018384340
018384358
018384366
018384374
018384382
018384391
018384404
018384412
018384421
018384439
018384447
018384455
018384463
018384471
018384480
018384498
018384501
018384510
018384528
018384536
018384544
018385451
018385460
018385478
018385486
018385494
018385508
018385516
018385524
018385532
018385541
018385559
018385567
018385575
018385583
018385591
018385605
018385613
018385621
018385630
018385648
018385656
018385664
018385672
018385681
018385699
018385702
018385711
018385729
018385737
018385745
018385753
018385761
018385770
018385788
018385796
018385800
018385818
018385826
018385834
018385877
018385885
018385893
018385907
018385915
018385923
018385931
018385940
018385958
018385966
018385974
018385982
018385991
018386008
018386016
018386024
018386032
018386041
018386059
018386067
018386075
018386083
018386091
018386105
018386113
018386121
018386130
018386148
018386156
018386164
018386172
018386181
018386199
018386202
018386211
018386229
018386237
018386245
018386253
018386261
018386270
018386288
018386296
018386300
018386318
018386326
018386334
018386342
018386351
018386369
018386377
018386385
018386393
018386407
018386415
018386423
018386431
018386440
018386458
018386466
018386474
018386482
018386491
018386504
018386512
018386521
018386539
018386547
018386555
018386563
018386571
018386580
018386598
018386601
018386610
018386628
018386636
018386661
018386679
018386687
018386695
018386709
018386717
018386725
018386733
018386741
018386750
018386768
018386776
018386784
018386792
018386806
018386814
018386822
018386831
018386849
018386857
018386865
018386873
018386881
018386890
018392881
018396534
018396542
018396551
018396569
018396577
018396585
018396593
018396607
018396615
018396623
018396631
018396640
018396658
018396666
018396674
018396682
018396691
018396704
018396712
018396721
018396739
018396747
018396755
018396763
018396771
018396780
018396798
018396801
018396810
018396828
018396836
018396844
018396852
018396879
018396895
018396909
018396917
018396925
018396933
018396941
018396950
018396968
018396976
018396984
018396992
018397000
018397018
018397026
018397034
018397042
018404499
018404502
018404511
018404529
018404537
018404545
018404553
018404561
018404570
018404588
018404596
018404600
018404618
018404626
018404634
018404642
018404651
018404669
018404677
018404685
018404693
018404707
018404715
018404723
018404731
018404740
018404758
018404766
018404774
018404782
018404791
018404804
018404812
018404821
018404839
018404847
018404855
018404863
018404871
018404880
018404898
018404901
018404910
018404928
018404936
018404944
018404952
018404961
018404979
018404987
018404995
018405002
018405011
018405029
018405037
018405045
018405053
018405061
018405070
018405088
018405096
018405100
018405118
018405126
018405134
018405142
018405151
018405169
018405177
018405185
018405193
018405207
018405215
018405223
018405231
018405240
018405274
018411355
018411363
018414893
018418392
018418406
018426964
018426972
018426981
018426999
018427006
018427014
018427022
018427031
018427049
018427057
018427065
018427073
018427081
018427090
018427103
018427111
018427120
018427138
018427146
018427154
018427162
018427171
018427189
018427197
018427201
018427219
018427227
018427235
018427243
018427251
018427260
018427278
018427693
018429904
018440762
018445039
018448101
018449611
018454127
018454135
018454143
018454151
018454160
018454178
018454186
018454194
018454208
018454216
018454224
018454623
018455727
018455743
018461654
018461662
018463339
018470467
018470475
018470521
018470530
018470548
018470556
018477755
018477763
018477771
018477780
018477798
018477801
018490204
018490212
018490221
018490239
018490247
018490255
018491529
018491537
018491545
018491553
018491561
018491570
018491588
018491596
018491600
018491618
018491626
018491634
018491642
018491651
018491669
018491677
018491685
018491693
018491707
018491715
018491723
018491731
018491740
018491758
018491766
018491774
018491782
018491791
018491804
018491821
018491839
018491847
018491855
018491863
018491871
018491880
018491898
018491901
018491910
018491928
018491936
018491944
018491952
018491961
018491979
018491987
018491995
018492002
018492011
018492029
018492037
018492045
018492053
018492070
018492088
018492096
018492100
018492118
018492126
018492134
018492142
018492151
018492169
018492177
018492185
018492193
018492207
018492215
018492223
018492231
018492240
018492258
018492266
018492274
018492282
018492291
018492312
018492339
018492347
018492355
018492371
018492398
018492401
018492428
018492436
018492444
018492452
018492479
018492487
018492495
018492509
018492517
018495656
018495699
018496466
018496521
018496539
018496547
018496555
018496563
018496571
018496580
018496601
018496610
018496628
018496636
018496644
018496652
018496661
018496679
018496687
018496695
018496717
018496725
018496733
018496741
018496750
018496768
018496776
018496784
018496792
018496806
018496814
018496822
018496831
018496954
018496962
018496971
018496989
018496997
018497004
018497012
018497021
018497039
018497047
018497055
018497063
018497071
018497080
018497098
018497110
018497128
018497136
018497144
018497152
018497161
018497179
018497195
018497209
018497217
018497225
018497233
018497241
018497250
018497268
018497276
018497284
018497292
018497306
018497314
018497322
018497331
018497349
018497357
018497365
018497373
018497381
018497390
018497403
018497411
018497420
018497438
018497446
018497454
018497462
018497471
018497489
018497497
018497501
018497519
018497527
018497535
018497543
018497551
018497560
018497578
018497586
018497616
018497632
018497667
018497683
018497705
018497730
018497748
018497756
018497772
018497802
018497829
018497853
018497888
018497896
018497900
018497918
018497926
018497951
018497977
018498001
018498027
018498051
018498078
018498094
018498124
018498141
018498159
018498167
018498175
018498183
018498191
018498205
018498213
018498221
018498230
018498248
018498256
018498264
018498272
018498281
018498299
018498302
018498311
018498329
018498337
018498345
018498353
018498361
018498370
018498388
018498396
018498400
018498418
018498426
018498434
018500374
018500382
018502199
018506046
018506071
018506186
018507255
018507522
018507735
018513719
018516581
018516599
018516602
018516611
018516629
018516637
018516645
018516653
018516661
018516670
018516688
018516696
018516700
018516718
018516726
018516734
018516742
018516751
018516769
018516777
018516785
018516793
018516807
018516815
018516823
018516831
018516840
018516858
018516866
018516874
018516882
018516891
018516904
018516912
018516921
018516939
018516947
018516955
018516963
018516971
018516980
018516998
018517005
018517013
018517021
018517030
018517048
018517056
018517064
018517072
018517081
018517099
018517102
018517111
018517129
018517137
018517145
018517153
018519873
018524290
018525504
018533949
018533957
018545653
018547702
018547711
018547729
018547737
018547745
018547753
018547761
018547770
018547788
018547796
018547800
018547818
018547826
018547834
018547842
018547851
018547869
018547877
018547885
018547893
018547907
018547915
018547923
018547931
018547940
018547958
018547966
018547974
018547982
018547991
018548008
018548016
018548024
018548032
018548041
018548059
018548067
018548075
018548083
018548091
018548105
018548113
018548121
018548130
018548148
018548156
018548164
018548172
018548181
018548199
018548202
018548211
018548229
018548237
018548245
018548253
018548261
018548270
018548288
018550185
018551173
018555144
018556370
018556426
018556434
018556442
018556451
018556469
018556477
018556485
018556493
018556507
018556515
018556523
018556531
018556540
018556558
018556566
018556574
018556582
018556591
018556604
018556612
018556621
018556639
018556647
018556655
018556663
018556671
018556680
018556698
018556701
018556710
018556728
018556736
018556744
018556752
018556761
018556779
018556787
018556795
018556809
018556817
018556825
018556833
018556841
018556850
018556868
018556876
018556884
018556892
018556906
018557601
018557619
018557627
018557635
018557643
018557651
018557660
018557678
018557686
018557694
018557708
018557716
018557724
018557732
018557741
018558542
018563635
018563864
018563872
018563881
018563899
018563902
018563911
018563929
018563937
018563953
018563961
018563970
018566553
018567240
018567258
018567266
018567274
018567282
018567291
018567304
018567312
018567321
018567339
018567347
018574084
018576362
018577041
018577059
018577067
018577075
018577083
018591655
018591663
018591671
018591680
018591698
018591701
018591710
018591728
018591736
018591744
018591752
018591761
018591779
018591787
018591795
018591809
018591817
018591825
018591833
018591841
018591850
018591868
018591876
018591884
018591892
018591906
018591914
018591922
018591931
018591949
018591957
018591965
018591973
018591981
018591990
018592007
018592015
018592023
018592031
018592040
018592058
018592066
018592074
018592082
018592091
018592104
018592112
018592121
018592139
018592147
018592155
018592163
018592171
018592180
018592198
018592201
018592210
018592228
018592236
018592244
018592252
018592261
018592279
018592287
018592295
018592309
018592317
018592325
018592333
018592341
018592350
018592368
018592376
018592384
018592392
018592406
018592414
018592422
018592431
018592449
018592457
018592465
018592473
018592481
018592490
018592503
018592511
018592520
018592538
018592546
018592554
018592562
018592571
018592589
018592597
018592601
018592619
018592627
018592635
018592643
018592651
018592660
018595065
018597068
018602479
018602746
018604170
018605478
018605966
018616518
018616798
018619673
018619681
018621414
018621422
018621431
018621449
018621457
018626246
018639500
018639640
018651089
018651721
018651747
018653499
018653529
018665659
018665667
018665675
018665683
018665691
018665705
018665713
018665721
018665730
018665748
018665756
018665764
018665772
018665781
018665799
018665802
018665811
018665829
018665837
018665845
018665853
018665861
018665870
018665888
018665896
018665900
018665918
018665926
018665934
018665942
018665951
018665969
018665977
018665985
018665993
018666001
018666019
018666027
018666035
018666043
018666051
018666060
018666078
018666086
018666094
018666108
018666116
018666124
018666132
018666141
018666159
018666167
018666175
018666183
018666191
018666205
018666213
018666221
018666230
018666248
018666256
018666264
018666272
018666281
018666299
018666302
018666311
018666329
018666337
018666345
018666353
018666361
018666370
018666388
018666396
018666400
018666418
018666426
018666434
018666442
018666451
018666469
018666477
018666485
018666493
018666507
018666515
018666523
018666531
018666540
018666558
018666566
018666574
018666582
018666591
018666604
018666612
018666621
018666639
018666647
018666655
018666663
018666671
018666680
018666698
018666701
018666710
018666728
018666736
018666744
018666752
018666761
018666779
018666787
018666795
018666809
018666817
018666825
018666833
018666841
018666850
018666868
018666876
018666884
018666892
018666906
018666914
018666922
018666931
018666949
018666957
018666965
018666973
018666981
018666990
018667007
018667015
018667023
018667031
018667040
018667058
018667066
018667074
018667082
018667180
018681131
018681140
018681158
018681166
018681174
018681182
018681255
018681263
018681271
018681280
018681301
018681310
018681336
018681344
018681361
018681379
018681395
018681409
018681417
018681425
018681433
018681441
018681450
018681468
018681476
018681484
018681492
018681506
018681514
018681522
018681531
018681557
018681573
018681590
018681611
018681638
018681654
018681671
018681697
018681719
018681735
018681751
018681778
018681794
018681816
018681832
018681859
018681867
018681875
018681883
018681891
018681905
018681913
018681921
018681930
018681948
018681956
018681964
018681972
018681981
018681999
018682006
018682014
018682022
018682031
018682049
018682057
018682065
018682073
018682081
018682090
018682103
018682111
018682120
018682138
018682146
018682154
018682162
018682171
018682189
018682197
018682201
018682219
018682227
018682235
018682243
018682251
018682260
018682278
018682286
018682294
018682308
018682316
018682324
018682341
018682359
018682367
018682375
018682383
018682391
018682405
018682413
018682421
018682430
018682448
018682456
018682464
018682472
018682481
018682499
018682502
018682511
018682529
018682537
018682545
018682553
018682561
018682570
018682588
018682596
018682600
018682618
018682626
018682634
018682642
018682651
018682669
018682677
018682685
018682693
018682707
018682715
018682723
018682731
018682740
018682758
018682766
018682774
018682782
018682791
018682804
018682812
018682821
018682839
018682847
018682855
018682863
018682871
018682880
018682898
018682901
018682910
018682928
018682936
018682944
018682952
018686133
018686427
018688225
018688233
018688241
018688250
018688268
018688276
018688284
018688292
018688314
018688322
018688331
018688349
018688357
018688365
018688373
018688381
018688390
018688403
018688411
018688420
018688438
018688446
018688454
018688462
018688471
018688489
018688497
018688501
018688519
018688527
018688535
018688543
018688551
018688560
018688578
018688586
018688594
018688608
018688616
018688624
018688632
018688641
018688659
018688667
018688675
018688683
018688691
018688705
018688713
018688721
018688730
018688748
018688756
018688764
018688772
018688781
018688799
018688802
018688811
018688829
018688837
018688845
018688853
018688861
018688870
018688888
018688896
018695477
018696562
018699928
018701132
018701957
018701965
018703810
018707581
018708617
018708675
018725546
018727255
018732976
018738265
018745679
018745687
018745695
018745709
018745717
018745725
018745733
018745741
018745750
018745768
018745776
018745784
018745792
018745806
018745814
018745822
018745831
018745849
018745857
018745865
018745873
018745881
018745890
018745903
018745911
018745920
018745938
018745946
018745954
018745962
018745971
018745989
018745997
018746004
018746012
018746021
018746039
018746047
018746055
018746063
018746071
018746080
018746098
018746101
018746110
018746128
018746136
018746144
018746152
018746161
018746179
018746187
018746195
018746209
018746217
018746225
018746233
018746250
018746268
018746276
018746292
018746306
018746322
018746349
018746357
018746373
018746381
018746403
018746411
018746438
018746454
018746462
018746489
018746497
018746501
018746519
018746535
018746543
018746551
018746578
018746594
018746608
018746624
018746632
018746659
018746675
018746683
018746705
018746713
018746730
018746748
018746764
018746772
018746799
018746802
018746829
018746837
018746845
018746853
018746861
018746870
018746888
018746896
018746900
018746918
018746926
018746934
018746942
018746951
018746969
018746977
018746985
018746993
018747001
018747019
018747027
018747035
018747043
018747051
018747060
018747078
018747086
018747094
018747108
018747116
018747124
018747132
018747141
018747159
018747167
018747175
018747183
018747191
018747205
018747213
018747230
018747248
018747256
018747264
018747272
018747281
018747299
018747302
018747311
018747329
018747337
018747345
018747353
018747361
018747370
018747388
018747396
018747400
018747418
018747426
018747434
018747442
018747451
018747469
018747477
018747485
018747493
018749526
018752535
018753841
018753850
018755861
018760007
018760015
018760023
018760031
018760040
018760058
018760066
018760074
018760082
018760091
018760104
018760112
018760121
018760139
018760147
018760155
018760163
018760171
018760180
018760198
018760201
018760210
018760228
018760236
018760244
018760252
018760261
018760279
018760287
018760295
018760309
018760317
018760325
018760333
018760341
018760350
018760368
018760376
018760384
018760406
018760422
018760431
018760449
018760457
018760465
018760473
018760490
018760511
018760520
018760538
018760546
018760554
018760562
018760571
018760589
018760597
018760601
018760619
018760627
018760635
018760643
018760651
018760660
018760678
018760686
018760694
018760708
018760716
018760724
018760732
018760741
018760759
018760767
018760775
018760783
018760791
018760805
018760813
018766668
018766676
018766684
018766692
018766706
018766714
018766722
018766731
018766749
018766757
018766765
018766773
018766781
018766790
018766803
018766811
018766820
018766838
018766846
018766854
018766862
018766871
018766889
018766897
018766901
018766919
018766927
018766935
018766943
018766951
018766960
018766978
018766986
018766994
018767001
018767010
018767028
018767036
018767044
018767052
018767061
018767079
018767087
018767095
018767109
018767117
018767125
018767133
018767141
018770754
018770762
018770771
018772706
018773320
018773338
018773354
018773362
018773371
018773389
018773397
018773401
018773419
018773427
018773435
018773443
018773451
018773460
018773478
018773486
018773494
018773508
018773516
018773524
018773532
018773541
018773559
018773567
018773575
018773583
018773591
018773605
018773621
018773630
018773648
018773656
018773664
018773672
018773681
018773699
018773702
018773711
018773729
018773737
018773745
018773753
018773761
018773770
018773788
018773800
018773818
018773826
018773842
018773851
018773869
018773877
018773885
018773893
018773907
018773915
018773923
018773931
018773940
018773958
018773966
018778992
018779000
018779662
018780431
018786880
018788441
018788459
018788467
018795218
018797504
018804063
018804195
018804209
018804624
018814531
018815138
018815553
018816371
018817530
018820760
018824871
018824889
018825052
018840019
018841163
018841180
018841198
018841201
018841210
018841228
018841236
018841244
018841252
018841261
018841279
018841287
018841295
018841309
018841317
018841325
018841333
018841341
018841350
018841368
018841376
018841384
018841392
018841406
018841422
018841431
018841449
018841457
018841465
018841473
018841481
018841490
018841503
018841511
018841520
018841538
018841546
018841554
018841562
018841571
018841589
018841597
018841601
018841619
018841627
018841635
018841643
018841651
018841660
018855695
018855709
018856608
018871062
018871097
018871101
018871119
018871127
018871135
018871143
018871151
018871160
018871178
018871186
018871194
018871208
018871216
018871224
018871232
018871241
018871275
018871283
018871291
018871305
018871313
018871321
018871330
018871348
018871356
018871364
018871372
018871381
018871399
018871402
018871411
018871429
018871437
018871445
018871453
018871461
018871470
018871488
018871496
018871500
018871518
018871526
018871534
018871542
018871569
018871593
018871615
018871623
018871631
018871640
018871658
018871666
018871674
018871682
018871691
018871704
018871712
018871721
018871739
018871747
018871755
018871763
018871771
018871780
018871798
018871801
018871810
018871828
018871836
018871844
018871852
018871861
018871879
018871887
018871895
018871909
018871917
018871933
018871941
018871950
018871968
018871976
018871984
018871992
018872000
018872018
018872026
018872034
018872042
018872051
018872069
018872077
018872085
018872107
018872115
018872123
018872131
018872140
018872158
018872166
018872174
018872182
018875220
018875238
018875246
018875254
018875262
018875271
018875289
018875297
018875301
018875319
018875327
018875335
018875343
018875351
018875360
018875386
018875394
018875416
018875424
018875432
018875441
018875459
018875467
018875475
018875483
018875491
018875505
018875513
018875521
018875530
018875548
018875556
018875564
018875572
018875581
018875599
018875602
018875611
018875629
018875637
018875645
018875653
018875661
018875670
018875688
018875696
018875700
018875718
018875726
018875734
018875742
018875751
018875769
018875777
018875785
018875793
018875807
018875815
018875823
018875831
018875840
018875858
018875866
018875874
018875882
018875891
018875904
018875912
018875921
018875939
018875947
018875955
018875963
018875971
018875980
018875998
018876005
018876013
018876021
018876030
018876048
018876056
018876064
018876072
018876081
018876099
018876102
018876111
018876129
018876137
018876145
018876153
018876161
018876170
018876188
018876196
018876200
018876218
018876226
018876234
018876242
018876251
018876269
018876277
018876285
018876293
018876307
018876315
018876323
018876331
018876340
018876358
018876374
018876382
018876391
018876404
018876412
018876421
018876439
018876447
018876455
018876463
018876471
018876480
018876498
018876501
018876510
018876528
018876536
018876544
018876552
018876561
018876579
018876587
018876595
018876609
018876617
018876625
018876633
018883699
018887317
018889573
018901921
018903771
018903789
018903797
018903801
018903819
018903827
018903835
018903843
018903851
018903860
018903878
018903886
018903894
018903908
018903916
018903924
018903932
018903941
018903959
018903967
018903975
018903983
018903991
018904009
018904017
018904025
018904033
018904041
018904050
018904076
018904084
018904092
018904106
018904114
018904131
018904149
018904157
018904165
018904173
018904181
018904190
018904203
018904211
018904220
018904238
018904246
018904254
018904262
018904271
018904289
018904297
018904301
018904319
018904327
018904335
018904343
018904351
018904360
018904378
018904386
018904394
018904408
018904416
018904424
018904432
018904441
018904459
018904467
018908667
018908675
018908691
018908705
018908721
018908730
018908748
018908756
018908764
018908772
018908781
018908799
018908802
018908811
018908829
018908837
018908845
018908853
018908861
018908870
018908888
018908896
018908900
018908918
018908926
018908934
018908942
018908951
018908969
018908977
018908985
018908993
018909001
018909019
018909027
018909035
018909043
018909051
018909060
018909078
018909086
018909094
018909108
018909116
018909124
018909132
018909141
018909159
018909175
018909183
018909191
018909205
018909213
018909221
018909230
018909248
018909256
018909264
018909272
018909281
018909299
018909302
018909311
018909329
018909337
018909345
018909353
018909361
018909370
018909388
018909396
018909400
018909418
018909426
018909434
018909442
018909451
018909469
018909477
018909485
018909493
018909507
018909515
018909523
018909531
018909540
018909558
018909566
018909574
018909582
018909591
018909604
018909612
018909621
018909639
018909647
018909655
018909663
018909671
018909698
018909701
018909710
018909728
018909736
018909744
018909752
018909761
018909779
018909787
018909795
018909809
018909817
018909825
018909833
018909841
018909868
018909876
018909884
018909892
018909906
018909914
018909922
018909931
018909949
018909957
018909965
018909973
018909981
018909990
018910009
018910017
018910025
018910033
018910041
018910050
018910068
018910076
018910084
018910092
018910106
018911714
018913075
018914217
018927971
018928439
018928447
018928455
018928463
018928471
018928480
018928498
018928501
018928510
018928528
018928536
018928544
018928552
018928561
018928579
018928587
018928595
018928609
018928617
018928625
018928633
018928650
018928676
018928706
018936415
018936440
018937314
018940944
018940978
018940986
018941001
018941010
018941028
018941036
018941044
018941052
018941061
018941079
018941087
018941095
018941109
018941117
018941125
018941133
018941141
018941150
018941168
018941176
018941184
018941192
018941206
018941214
018941222
018941231
018941249
018941257
018941265
018941273
018941281
018941290
018941303
018941311
018941320
018941338
018941346
018941354
018941362
018941371
018941389
018941397
018941401
018941419
018941427
018941435
018941443
018941451
018941460
018941478
018941486
018941494
018941508
018941516
018941532
018941541
018941583
018941605
018941621
018941648
018941664
018941681
018941699
018941702
018941711
018941729
018941745
018941753
018941761
018941770
018941788
018941796
018941800
018941818
018941826
018941834
018941842
018941851
018941869
018941877
018941885
018941893
018941907
018941915
018941923
018941931
018941940
018941958
018941966
018941974
018941982
018941991
018942008
018942016
018942024
018942032
018942041
018942059
018942067
018942075
018942083
018942091
018942105
018942113
018942121
018942130
018942148
018942156
018942164
018942172
018942181
018942199
018942202
018942211
018942229
018942237
018942245
018942253
018942261
018942270
018942288
018942296
018942300
018942318
018942326
018942342
018942351
018942369
018942377
018942385
018942393
018942407
018942415
018946003
018947298
018947310
018947328
018948375
018948413
018951775
018957749
018959377
018959385
018959393
018959407
018959415
018959423
018959431
018959440
018959458
018959466
018959474
018959482
018959491
018959504
018959512
018959521
018959539
018959547
018959555
018959563
018959571
018959580
018959598
018959601
018959610
018959628
018959636
018959644
018959652
018959661
018959679
018959687
018959695
018959709
018959717
018959725
018959733
018959741
018959750
018959768
018959776
018959784
018959792
018959806
018959814
018959822
018959831
018960740
018960758
018967736
018970486
018970494
018970532
018972179
018973761
018979441
018979459
018979726
018979734
018982565
018982573
018982581
018982590
018982603
018982611
018982620
018982638
018982646
018982654
018982662
018982671
018982689
018982697
018982701
018982719
018982727
018982735
018982743
018982751
018982778
018982794
018982808
018982816
018982824
018982832
018982841
018982859
018982867
018982875
018982883
018982891
018982905
018982913
018982921
018982930
018982948
018982956
018982964
018982981
018982999
018983006
018983014
018983022
018983031
018983049
018984231
018984240
018984258
018984266
018984274
018984282
018984291
018984304
018984312
018984321
018984339
018984347
018984355
018984363
018984371
018984380
018984398
018984401
018984410
018984428
018984436
018984444
018984452
018984461
018984479
018984487
018984495
018984509
018984517
018984525
018984533
018984541
018984550
018984568
018984576
018984584
018984592
018984606
018984614
018984622
018984631
018984649
018984657
018984665
018984673
018984681
018984690
018984703
018984711
018984720
018984738
018984746
018984754
018988652
018988661
018988679
018988709
018988717
018988750
018988768
018994119
018994199
018995951
018995969
018995977
018996469
018996477
018996485
018996493
018996507
018996515
018996523
018996531
018996540
018996558
018996566
018996574
018996582
018996591
018996604
018996612
018996621
018996639
018996647
018996655
018996663
018996671
018996680
018996698
018996701
018996710
018996728
018996736
018996744
018996752
018996761
018996779
018996787
018996809
018996817
018996825
018996833
018996841
018996850
018996868
018996876
018996884
018996892
018996906
018996914
018996922
018996931
018996949
018996957
018996965
018996973
018996981
018996990
018997007
018997015
019001495
019001533
019001541
019001576
019001606
019001614
019001631
019001649
019001657
019001665
019001673
019001681
019001690
019001703
019001711
019001738
019001746
019001754
019001762
019001771
019001789
019001797
019001801
019001819
019001835
019001843
019001851
019001860
019001878
019001886
019001894
019001908
019001916
019001924
019001932
019001941
019001959
019001967
019001975
019001983
019001991
019002009
019002017
019002025
019002033
019002041
019002050
019002068
019002076
019002084
019002092
019002106
019002114
019002122
019002131
019002149
019002157
019002165
019002173
019002181
019002190
019002203
019002211
019002220
019002238
019002246
019002254
019002262
019002271
019002289
019002297
019002301
019002319
019002327
019002335
019002343
019002351
019002360
019002378
019002386
019002394
019002408
019002416
019002424
019002432
019002441
019002459
019002467
019002475
019002483
019002491
019002505
019002513
019002521
019002530
019002548
019002556
019002564
019002572
019002581
019002599
019002602
019002611
019002629
019002637
019002645
019002653
019002661
019002670
019002688
019002696
019002700
019002718
019002726
019002734
019002742
019002751
019002769
019002777
019002785
019002793
019002807
019002815
019002823
019002831
019002840
019002858
019002866
019002874
019002882
019002891
019002904
019002912
019002921
019002939
019002947
019002955
019002963
019002971
019002980
019002998
019003005
019003013
019003021
019003030
019003048
019003056
019003064
019003072
019003081
019003099
019003102
019003111
019003129
019003137
019003145
019003161
019003170
019003196
019003200
019003218
019003226
019003234
019003242
019003251
019003269
019003277
019003285
019003293
019003307
019003315
019003323
019003331
019003340
019003358
019005172
019006349
019008317
019008368
019008376
019008384
019008392
019008406
019008414
019008422
019008431
019008449
019008457
019008465
019008473
019008481
019008490
019008503
019008511
019008520
019008538
019008546
019008554
019008562
019008571
019008589
019008597
019008601
019011211
019014244
019014252
019014261
019014279
019014287
019014295
019014309
019014317
019014325
019014333
019014341
019014350
019014368
019014376
019014384
019014392
019014406
019014414
019014465
019018711
019019831
019019840
019019858
019019866
019019874
019019891
019019912
019019921
019019939
019019947
019019955
019019963
019019971
019019980
019019998
019020007
019020015
019020023
019020031
019020040
019020058
019020066
019020074
019020082
019020091
019020104
019020112
019020121
019020139
019020287
019020295
019020309
019020317
019020325
019020333
019020341
019020350
019020368
019020376
019020384
019020392
019020406
019020414
019020422
019020431
019020449
019020457
019020465
019020473
019020481
019020490
019020503
019020511
019020520
019020538
019020546
019020554
019020562
019020571
019020589
019020597
019020601
019020619
019020627
019020635
019020643
019020651
019020660
019020678
019020686
019020694
019020708
019020716
019020724
019020732
019020741
019020759
019020767
019020775
019020783
019020791
019020805
019020813
019020821
019020830
019020848
019020856
019020864
019020872
019020899
019020902
019020911
019020929
019020937
019020945
019020953
019020961
019020970
019020988
019020996
019021003
019021011
019023251
019024096
019025718
019033150
019035811
019038763
019038771
019038780
019038798
019038844
019038861
019038887
019038895
019038909
019038917
019038925
019038933
019038941
019038950
019038968
019038976
019038984
019039000
019039018
019039026
019039034
019039042
019039051
019039069
019039077
019039085
019039093
019039107
019039115
019039123
019039131
019039140
019039158
019039166
019039174
019039182
019039191
019039204
019039212
019039221
019039239
019039247
019039255
019039263
019039271
019039280
019039298
019039301
019039310
019039328
019039336
019039344
019039352
019039361
019039379
019039387
019039395
019039409
019039417
019039425
019039433
019039441
019039450
019039468
019039476
019039484
019039492
019039760
019039778
019044372
019046693
019047959
019048011
019048022
019048033
019048044
019048055
019048246
019048254
019048262
019048271
019048289
019048297
019048301
019048319
019048327
019048335
019048343
019048351
019048360
019048378
019048386
019048394
019048408
019048416
019048424
019048432
019048441
019048459
019048467
019048475
019048483
019048491
019048505
019048513
019048521
019048530
019048548
019048556
019048564
019048572
019048581
019048599
019048602
019048611
019048629
019048637
019048653
019048661
019048670
019048688
019048696
019048700
019048718
019048726
019048734
019048742
019048751
019048769
019048777
019048785
019048793
019048807
019048815
019048823
019048831
019048840
019048858
019048866
019048874
019048882
019048891
019048904
019048912
019048921
019048939
019048947
019048955
019048963
019048971
019048980
019048998
019049005
019049011
019049013
019049021
019049022
019049030
019049033
019049044
019049048
019049055
019049056
019049064
019049066
019049072
019049077
019049081
019049088
019049099
019049102
019049111
019049129
019049137
019049145
019049153
019049161
019049170
019049188
019049196
019049200
019049218
019049226
019049234
019049242
019049251
019049269
019049285
019049293
019049307
019049315
019049323
019049331
019049340
019049358
019049366
019049374
019049391
019049404
019049412
019049421
019049439
019049447
019049455
019049463
019049471
019049480
019049498
019049501
019049510
019049528
019049536
019049544
019049552
019049561
019049579
019049609
019049625
019049633
019049641
019049650
019049668
019049676
019049684
019049692
019049706
019049714
019049722
019049731
019049749
019049757
019049765
019049773
019049781
019049790
019049803
019049811
019049820
019049838
019049846
019049854
019049862
019049871
019049889
019049897
019049901
019049919
019049935
019049960
019049978
019049986
019049994
019050003
019050011
019050020
019050038
019050046
019050054
019050062
019050071
019050089
019050101
019050119
019050127
019050135
019050143
019050151
019050160
019050178
019050186
019050194
019050208
019050216
019050224
019050232
019050241
019050259
019050267
019050275
019050283
019050291
019050305
019050313
019050321
019050330
019050348
019050356
019050364
019050372
019050381
019050399
019050402
019050411
019050429
019050437
019050445
019050453
019050461
019050470
019050488
019050496
019050500
019050518
019050526
019050534
019050542
019050551
019050569
019050577
019050585
019050593
019050607
019050615
019050623
019050631
019050640
019050658
019050666
019051009
019051011
019051022
019051033
019051044
019051055
019051066
019051077
019051088
019051099
019052009
019052011
019052022
019052033
019052044
019052055
019052066
019052077
019052088
019052099
019056672
019060629
019064888
019064896
019064900
019064918
019064926
019064934
019064942
019064951
019064969
019064977
019064993
019065001
019065019
019065035
019065051
019065060
019065078
019065094
019065108
019067518
019069057
019069065
019069073
019074581
019076002
019076011
019088540
019095309
019095317
019095325
019095333
019095341
019095350
019095368
019095376
019095384
019095392
019095406
019095414
019095422
019095431
019095449
019095457
019095465
019095473
019095481
019095490
019095503
019095511
019095520
019095538
019095546
019095554
019095562
019098821
019098839
019098847
019098855
019098863
019098871
019098880
019098898
019098901
019098910
019098928
019098936
019098944
019098952
019098961
019101333
019107030
019107897
019108231
019108249
019108257
019108265
019108273
019108281
019108290
019108303
019108311
019108320
019108338
019108346
019108354
019108362
019108371
019108389
019108397
019108401
019108419
019108427
019108435
019108443
019108451
019108460
019108478
019108486
019108494
019108508
019108516
019108524
019108532
019108541
019108559
019108567
019108575
019108583
019108591
019108605
019112327
019112335
019112343
019112351
019112360
019112378
019112386
019112394
019112408
019112416
019112424
019112432
019112441
019112459
019112467
019112475
019112483
019112491
019112505
019112513
019112521
019112530
019112548
019112556
019112564
019112572
019112581
019112599
019112602
019112611
019112629
019112637
019112645
019112653
019112661
019112670
019112688
019112696
019112718
019112726
019112734
019112742
019112751
019112769
019112777
019112785
019112793
019123299
019123302
019123604
019126298
019126301
019126310
019126328
019126336
019126344
019126352
019126361
019126379
019126387
019128835
019135530
019143176
019143184
019143192
019143575
019150733
019150741
019150814
019150822
019150831
019150849
019150857
019150865
019150873
019150881
019150890
019150903
019150911
019150938
019150946
019150954
019150962
019150971
019151632
019153538
019153546
019153554
019153562
019153571
019153589
019153597
019153601
019153619
019153627
019153635
019153643
019153651
019153660
019153678
019153686
019153694
019153708
019153716
019153724
019153732
019153741
019153759
019153767
019153775
019153783
019153791
019153805
019153813
019153821
019153830
019153848
019153856
019153864
019153872
019153881
019153899
019153902
019153911
019153929
019153937
019153945
019153953
019153961
019153970
019153988
019153996
019154003
019154011
019154020
019154038
019154054
019154062
019154071
019154089
019158050
019158068
019158076
019158084
019158092
019158106
019158114
019158122
019158131
019158149
019158157
019158165
019158173
019158181
019158190
019158203
019158211
019158220
019158238
019158246
019158254
019158262
019158271
019158289
019158297
019158301
019158319
019158327
019158335
019158343
019158351
019158360
019158378
019158386
019158394
019158408
019158416
019158424
019158432
019158441
019158459
019158467
019158475
019158483
019158491
019158505
019158513
019158521
019158530
019158548
019158556
019158564
019158572
019158581
019158599
019158602
019158611
019158629
019158637
019158645
019158653
019158661
019158670
019158688
019158696
019158700
019158718
019158726
019158734
019158742
019158751
019158769
019158777
019158785
019158793
019158807
019158815
019158823
019158831
019158840
019158858
019158866
019161972
019167555
019170092
019171200
019171218
019174471
019174489
019174497
019174501
019174519
019174527
019174535
019174543
019174551
019174560
019174578
019174586
019174594
019174608
019174616
019174624
019174632
019174641
019174659
019174667
019174675
019174683
019174691
019174705
019174713
019174721
019174730
019174748
019174756
019174764
019174772
019174781
019174799
019174802
019174811
019174829
019174837
019174845
019174853
019174861
019174870
019174888
019174896
019174900
019174918
019174926
019174934
019174942
019174951
019174969
019174977
019174985
019174993
019175001
019175019
019175027
019175035
019175043
019175051
019175060
019175078
019175086
019175094
019175108
019175116
019175124
019175132
019175141
019175159
019175167
019175175
019175183
019175191
019175205
019175213
019175221
019175230
019175248
019175256
019175264
019175272
019175299
019175302
019175311
019175329
019175337
019175345
019175353
019175361
019175370
019175388
019175396
019175400
019175418
019175426
019175434
019175442
019175451
019175469
019175477
019175485
019175493
019175507
019175515
019175523
019175531
019175540
019175558
019175566
019175574
019175621
019179804
019179812
019179821
019179839
019179847
019179855
019179863
019179871
019179880
019179898
019179901
019179910
019179928
019179936
019179944
019179952
019179961
019179979
019179987
019179995
019180462
019180471
019180489
019180497
019180501
019180527
019180535
019180543
019180551
019180560
019180578
019180586
019180594
019180608
019180616
019180624
019180632
019180641
019180659
019180667
019180675
019180683
019180691
019180705
019180713
019180721
019180730
019180748
019180756
019180764
019180772
019180781
019180799
019180802
019180811
019180829
019180837
019180845
019180853
019180861
019180870
019180888
019180896
019180900
019180918
019180926
019180934
019180942
019180951
019180969
019180977
019180985
019180993
019181001
019181019
019181027
019181035
019181043
019181051
019181060
019181078
019181086
019181094
019181108
019181116
019181124
019181141
019181159
019181167
019181175
019181183
019181191
019181205
019181213
019181221
019181230
019181248
019181256
019181264
019181272
019181281
019181299
019181302
019181311
019181329
019181337
019181345
019181353
019181361
019181370
019181388
019181396
019181418
019181426
019181451
019181477
019181493
019181515
019181523
019181531
019181540
019181558
019181566
019181574
019181582
019181591
019181604
019181612
019181621
019181639
019181647
019181655
019181663
019181671
019181680
019181698
019181701
019181710
019181728
019181736
019181744
019181752
019181761
019181779
019181787
019181795
019181809
019181817
019181825
019181833
019181841
019181850
019181868
019181876
019181884
019181892
019181906
019181914
019181922
019181931
019182007
019182015
019182023
019182031
019182040
019182058
019182066
019182074
019182082
019182091
019182104
019182112
019182121
019182139
019182147
019182155
019182163
019182171
019182180
019182198
019182201
019182210
019182228
019182236
019182244
019182252
019182261
019182279
019182287
019182295
019182309
019182317
019182325
019182333
019182341
019182350
019182368
019182376
019182384
019182392
019182406
019182414
019182422
019182431
019182449
019182457
019182465
019182473
019182481
019182490
019182503
019182511
019182520
019182538
019182546
019182554
019182562
019182571
019182589
019182597
019182601
019182619
019182627
019182635
019182643
019182651
019182660
019182678
019182686
019182694
019182708
019182716
019182724
019182732
019182741
019182759
019182767
019182775
019182783
019182791
019182805
019182813
019182821
019182830
019182848
019182856
019182864
019182872
019182881
019182899
019182902
019182911
019182929
019182937
019182945
019182953
019182961
019182970
019182988
019182996
019183003
019183011
019183020
019183038
019183046
019183054
019183062
019183071
019183143
019183151
019183160
019183178
019183186
019183194
019183208
019183216
019183224
019183232
019183241
019183259
019183267
019184212
019184387
019184646
019184654
019195028
019195036
019196865
019196881
019196903
019196920
019196946
019196962
019196971
019197004
019197039
019197055
019197071
019197098
019197101
019197128
019197144
019197161
019197179
019197187
019200960
019204850
019204973
019204981
019204990
019205007
019205015
019205023
019205031
019205040
019205058
019205066
019205074
019205082
019205091
019205104
019205112
019205121
019205139
019205147
019205155
019205163
019205171
019205180
019205198
019205201
019205210
019205228
019205236
019205244
019205252
019205261
019205279
019205287
019205295
019205309
019205317
019205325
019205333
019205341
019205350
019205368
019205376
019205384
019205392
019205406
019205414
019205422
019205431
019205449
019205457
019205465
019205473
019205481
019205490
019205503
019205511
019205520
019205538
019205546
019205554
019205562
019205571
019205589
019205597
019205601
019205619
019205627
019205635
019205643
019205651
019205660
019205678
019205686
019205694
019205708
019205716
019205724
019205732
019205741
019205759
019205767
019205775
019205783
019205791
019205805
019205813
019205821
019205830
019205848
019205856
019205864
019205872
019205881
019205899
019205902
019205911
019205929
019205937
019205945
019205953
019205961
019205970
019205988
019205996
019206003
021365986
023000015
023003618
023004002
023005114
023005122
023005475
023005483
023007885
023007915
023007923
023007931
023007940
023007958
023007966
023007974
023019093
023019115
023029137
023029358
023032138
023034581
023035072
023035081
023035099
023035102
023035111
023035129
023035137
023035145
023035153
023035161
023035170
023035188
023035196
023035200
023035218
023035226
023035234
023035242
023035251
023035269
023035277
023035285
023035293
023035307
023035315
023035323
023035331
023035340
023035358
023035366
023035374
023035382
023035391
023035404
023035412
023035421
023035439
023035447
023035455
023035463
023035471
023035480
023035498
023035501
023035510
023035528
023035536
023035544
023035552
023035561
023035579
023035587
023035595
023035609
023035617
023035625
023035633
023035641
023035650
023036770
023036796
023036818
023036851
023036869
023036877
023036885
023036907
023036915
023036923
023036931
023036940
023036958
023036966
023036974
023036982
023036991
023037008
023037016
023037024
023037032
023037041
023037059
023037067
023037075
023037083
023037091
023037105
023037113
023037121
023037130
023037148
023037156
023037164
023037172
023037181
023037199
023037202
023037211
023037229
023037237
023037245
023037253
023037261
023037270
023037288
023037296
023037300
023037318
023037326
023037334
023037342
023037351
023037369
023037377
023037385
023037393
023037407
023037415
023037423
023037431
023037440
023037458
023037466
023037474
023037482
023037491
023037504
023037512
023037521
023037539
023037547
023037555
023037563
023037571
023037580
023037598
023037601
023037610
023037628
023037636
023037644
023037652
023037661
023037679
023037687
023037695
023037709
023037717
023037725
023037733
023037741
023037750
023037768
023037776
023037792
023037806
023037814
023037822
023037831
023037849
023037857
023037946
023037954
023037962
023037971
023037989
023037997
023038004
023038012
023038021
023038039
023038047
023038055
023038063
023038071
023038080
023038098
023038101
023038110
023038128
023038136
023038144
023038152
023038161
023038179
023038187
023038195
023038209
023038217
023038225
023038233
023038241
023038250
023038268
023038276
023038284
023038292
023038306
023038314
023038322
023038331
023039892
023039906
023043768
023044683
023046481
023046490
023046503
023047071
023050845
023051442
023052465
023052716
023052856
023052864
023052872
023052881
023052899
023052902
023052911
023052937
023052945
023052953
023052961
023052970
023052988
023052996
023053003
023053011
023053038
023053046
023053054
023053062
023053071
023053089
023053097
023053101
023053119
023053127
023053135
023053143
023053151
023053160
023053178
023053186
023053194
023053208
023053224
023053232
023053241
023053259
023053267
023053275
023053283
023053291
023053305
023053313
023053321
023053330
023053348
023053356
023053364
023053372
023057459
023059532
023059541
023062002
023062011
023062029
023062037
023062711
023063378
023064099
023064439
023068175
023068892
023068906
023068914
023068922
023068931
023068949
023068957
023068965
023068973
023068981
023068990
023069007
023069015
023069023
023069031
023069040
023069058
023069066
023069074
023069091
023069104
023069112
023069121
023069139
023069147
023069155
023069163
023069171
023069180
023069198
023069201
023069210
023069228
023069236
023069244
023069252
023069261
023069279
023069287
023069295
023069309
023069317
023069325
023069333
023069341
023069350
023069368
023069376
023069384
023069392
023069406
023069414
023069422
023069431
023069449
023069457
023069465
023069473
023069481
023069490
023069503
023069511
023069520
023069538
023069546
023069554
023069562
023069571
023069589
023069597
023069601
023069619
023069627
023069635
023069643
023069651
023069660
023069678
023070391
023071630
023073951
023075201
023075244
023075317
023077379
023077590
023077638
023079118
023080647
023080655
023082623
023082640
023082666
023083361
023083379
023088290
023088303
023088311
023088320
023088338
023088346
023088354
023088362
023088371
023088389
023088397
023088401
023088419
023088427
023088435
023088443
023088451
023088460
023088478
023088486
023088494
023088508
023088516
023088524
023088532
023088541
023088559
023088567
023088575
023088583
023088591
023088605
023088613
023088621
023088630
023088648
023088656
023088664
023088672
023088681
023088699
023088702
023088711
023088729
023088737
023088745
023088753
023088761
023088770
023088788
023088796
023088800
023088818
023088826
023088834
023088842
023088851
023088869
023088877
023088885
023093145
023093153
023093161
023093170
023093188
023093196
023093200
023093218
023093226
023093234
023093242
023093251
023093269
023093277
023093285
023093293
023093307
023093315
023093323
023093331
023093340
023093358
023093366
023093374
023093382
023093391
023093404
023093412
023093421
023093439
023093447
023093455
023093463
023093471
023093480
023093498
023093501
023093510
023093528
023093544
023093552
023093561
023093579
023093587
023093595
023093609
023093617
023093625
023093633
023093641
023093650
023093668
023093676
023093684
023093692
023093706
023093714
023095997
023096080
023096217
023096446
023096691
023096713
023097884
023098538
023099640
023099658
023099666
023099674
023099682
023099691
023104520
023105186
023105801
023113464
023115912
023117826
023118083
023118091
023118237
023118245
023118261
023118270
023118288
023118296
023118300
023118318
023118326
023118334
023118342
023118351
023118369
023118377
023118385
023118393
023118407
023118415
023118423
023118431
023118440
023118458
023118466
023118474
023118482
023118491
023118504
023118512
023118521
023118539
023118547
023118555
023118563
023118571
023118580
023118598
023118601
023118610
023118628
023118636
023118644
023118652
023118661
023118679
023118687
023118695
023118709
023118717
023118725
023118733
023118741
023118750
023118768
023118776
023118784
023118792
023118814
023118822
023118831
023118849
023118857
023118865
023118873
023118881
023118890
023118903
023118911
023118920
023118938
023118946
023118954
023118962
023118971
023118989
023118997
023119004
023119012
023119021
023119039
023119047
023119055
023119063
023119071
023119080
023119098
023119101
023119110
023119128
023119136
023119144
023119152
023119161
023119179
023119187
023119195
023119209
023119217
023119225
023119233
023119241
023119268
023119292
023119306
023119314
023119322
023119331
023119349
023119357
023119365
023119373
023119381
023119390
023119403
023119411
023119420
023119438
023119446
023119454
023119462
023119471
023119489
023119497
023119501
023119519
023119675
023120983
023122013
023124920
023125632
023125659
023125667
023125675
023129808
023129816
023129824
023129832
023129841
023129859
023129867
023132248
023132281
023132299
023132302
023132311
023132329
023132337
023132345
023132353
023132361
023132370
023132388
023132396
023132400
023132418
023132426
023132434
023134712
023134755
023134828
023134836
023134844
023134852
023134861
023134879
023134887
023134895
023134909
023134917
023134925
023134933
023134941
023134950
023134968
023134976
023134984
023134992
023135000
023135867
023137789
023137886
023137908
023137916
023137932
023137941
023137959
023137967
023137975
023137983
023137991
023138009
023138017
023138025
023138033
023138041
023138050
023138068
023138076
023138092
023138106
023138114
023138122
023138131
023138149
023138157
023138173
023138181
023138203
023138220
023138246
023138254
023138289
023138301
023138319
023138335
023138351
023138378
023138394
023138408
023138424
023138432
023138459
023138475
023138491
023138505
023138513
023138521
023138530
023138548
023138556
023138564
023138572
023138581
023138599
023138602
023138611
023138629
023138637
023138645
023138653
023138661
023138670
023138688
023138696
023138700
023138718
023138726
023138734
023138742
023138751
023138769
023138777
023138785
023138793
023138807
023138823
023138831
023138840
023138858
023138866
023138874
023138882
023138891
023138904
023138912
023138921
023138939
023138947
023138955
023138963
023138971
023138980
023138998
023139005
023139013
023139021
023139030
023139048
023139056
023139064
023139081
023139102
023139111
023139129
023139137
023139145
023139153
023139161
023139170
023139188
023139196
023139200
023139218
023139226
023139234
023139242
023139251
023139269
023139277
023139293
023139307
023139315
023139331
023139340
023139366
023139374
023139391
023139412
023139421
023139447
023139455
023139471
023139480
023139498
023139501
023139510
023139528
023139536
023139544
023139552
023139561
023139579
023139587
023139595
023139609
023139617
023139625
023139633
023139641
023139650
023139668
023139676
023139684
023139692
023139706
023139714
023139722
023139731
023139749
023139757
023139765
023139773
023139781
023139790
023139803
023139811
023139820
023139838
023139846
023139854
023139862
023139871
023139889
023139897
023139901
023139919
023141522
023141531
023141956
023148268
023148896
023148900
023149183
023149191
023149205
023149213
023149221
023149230
023149248
023149256
023149264
023149272
023149281
023149299
023149302
023149311
023149329
023149337
023149345
023149353
023149361
023149370
023149388
023149396
023149400
023149418
023149426
023149434
023149442
023149451
023149477
023149485
023149493
023149507
023149515
023149779
023150521
023150645
023150653
023150688
023150696
023150718
023150769
023150823
023153431
023156881
023156899
023156902
023156911
023156929
023156937
023156945
023156953
023156961
023156970
023156988
023156996
023157003
023157011
023157020
023157038
023157046
023157054
023157062
023157071
023157089
023157097
023157101
023157119
023157127
023157135
023157143
023157151
023157160
023157178
023157186
023157194
023157208
023157216
023157224
023157232
023157241
023157259
023157267
023158531
023159758
023160055
023160608
023162830
023164026
023165871
023166339
023166363
023166371
023166380
023166398
023168536
023170522
023172720
023172738
023172746
023172754
023172762
023172771
023172789
023172797
023172801
023172819
023172827
023172835
023172843
023172851
023172860
023172878
023172886
023172894
023172908
023172916
023172924
023172932
023172941
023172959
023172967
023173696
023173700
023173793
023173947
023173955
023173998
023174030
023174170
023174714
023174919
023174927
023176431
023176458
023176466
023176474
023176482
023176491
023176504
023176512
023176521
023176539
023176547
023176555
023176563
023176571
023176580
023176598
023176601
023176610
023176628
023176636
023176644
023176652
023176661
023176679
023176687
023176695
023176709
023176717
023176725
023176733
023176741
023176750
023176768
023176776
023176784
023176792
023176806
023176814
023176822
023176831
023176849
023176857
023176865
023176873
023176881
023176890
023176903
023176911
023176920
023176938
023176946
023176954
023176962
023176971
023176989
023176997
023177004
023177012
023177021
023177039
023177047
023177055
023177063
023177071
023177080
023177098
023177101
023177110
023177128
023177136
023177144
023177152
023177161
023177179
023177187
023177195
023177209
023177217
023177225
023177233
023177241
023177250
023177268
023177276
023177284
023177292
023177306
023177314
023177322
023177331
023177349
023177357
023177365
023177373
023177381
023177390
023177403
023177411
023177420
023177438
023177446
023177454
023177462
023177471
023177489
023177497
023177501
023177519
023177527
023177535
023177543
023177551
023177560
023177578
023177586
023177594
023177608
023177616
023177624
023177632
023177641
023179872
023179881
023179899
023179902
023179911
023179929
023179937
023179945
023179953
023179961
023179970
023179988
023179996
023180005
023180013
023180021
023180030
023180048
023180056
023180064
023180072
023180081
023180099
023180102
023180111
023180129
023180137
023180145
023180153
023180161
023180170
023180188
023180196
023180200
023180218
023180226
023180234
023180242
023180251
023180269
023180277
023180285
023180293
023180307
023180315
023180323
023180331
023180340
023180358
023180366
023180374
023180382
023180391
023180404
023180412
023180421
023180439
023180447
023180455
023180463
023180480
023180498
023180501
023180510
023186089
023187646
023187956
023187964
023187981
023188201
023188219
023188227
023188235
023188243
023188251
023188260
023188278
023188286
023188294
023188308
023188316
023188324
023188332
023188341
023188359
023188367
023188375
023188383
023188391
023188405
023188413
023188421
023188430
023188448
023188456
023188464
023188472
023188481
023188499
023188502
023188511
023188529
023188537
023188545
023188553
023188561
023188570
023188588
023188596
023188600
023188618
023188626
023188634
023188642
023188651
023188669
023188677
023188685
023188693
023188707
023188715
023188723
023188731
023188740
023188758
023188766
023188774
023188782
023189541
023190361
023190507
023190515
023190523
023190531
023190540
023190558
023190566
023190574
023190582
023190591
023190604
023190612
023190621
023190639
023190647
023190655
023190663
023190671
023190680
023190698
023190701
023190710
023190728
023190736
023190744
023190752
023190761
023190779
023190787
023190795
023190809
023190817
023190825
023190833
023190841
023190850
023190868
023190876
023190884
023190892
023190906
023190914
023190922
023190931
023190949
023190957
023190965
023190973
023190981
023190990
023191007
023191015
023191023
023191031
023191040
023191058
023191066
023191074
023191082
023191091
023191104
023191112
023191121
023191139
023191147
023191155
023191163
023191171
023191180
023191198
023191201
023191210
023191228
023191236
023191244
023191252
023191261
023191279
023191287
023191295
023191309
023191317
023191325
023191333
023191341
023191350
023194111
023194375
023194430
023194448
023194456
023194464
023194472
023197846
023197854
023197862
023197871
023197889
023197897
023197901
023197919
023197927
023197935
023197943
023197951
023197960
023197978
023197986
023197994
023198001
023198010
023198028
023198036
023198044
023198052
023198061
023198079
023198087
023198095
023198109
023198117
023198125
023198133
023198141
023198150
023198168
023198176
023198184
023198192
023198206
023198214
023198222
023198231
023198249
023198257
023198265
023198273
023198281
023198290
023198303
023198311
023198320
023198338
023198346
023198354
023198362
023198371
023198389
023198397
023198401
023198419
023198427
023198435
023198443
023198451
023198460
023198478
023198486
023198494
023198508
023198516
023198524
023198532
023198541
023198559
023198567
023198575
023198583
023198591
023198605
023198613
023198621
023198630
023198648
023198656
023198664
023198672
023198681
023198699
023198702
023198711
023198729
023198737
023201304
023201401
023202416
023202424
023205890
023208511
023208538
023208589
023208619
023208651
023208660
023208686
023208694
023208708
023208716
023208732
023208899
023208902
023209097
023214597
023216085
023216093
023216140
023216271
023216425
023217928
023218932
023220953
023222247
023222255
023222263
023222271
023222280
023222298
023222301
023222310
023222328
023222336
023222344
023222352
023222361
023222379
023222387
023222395
023222409
023222417
023222425
023222433
023227508
023227516
023227532
023227541
023227559
023227567
023227575
023227583
023227591
023227605
023227613
023227621
023227648
023227656
023227664
023227672
023227681
023227699
023227702
023227711
023227729
023227737
023227745
023227753
023227761
023227770
023227788
023227796
023227800
023227818
023227826
023227834
023229047
023230681
023230690
023230703
023230711
023230720
023230738
023230746
023230754
023230762
023230771
023230789
023230797
023230801
023230819
023230827
023230835
023230843
023230851
023230860
023230878
023230886
023230894
023230908
023230916
023230924
023230932
023230941
023230959
023230967
023230975
023230983
023230991
023231009
023231017
023231025
023231033
023231041
023231050
023231068
023231076
023231084
023231092
023231106
023231114
023231122
023231131
023231149
023231157
023231165
023231173
023231181
023231190
023231203
023231211
023231220
023231238
023231246
023231254
023231262
023231271
023231491
023234393
023234407
023234423
023234431
023234440
023234458
023234466
023234474
023234482
023234491
023234504
023234512
023234521
023234539
023234547
023234555
023234563
023234571
023234580
023234598
023234610
023234628
023234636
023234644
023234652
023234661
023234679
023234687
023234695
023234709
023234717
023234725
023234733
023234741
023234750
023234768
023234776
023234784
023234792
023234806
023234814
023234822
023234831
023234849
023234857
023234865
023234873
023234881
023234890
023234903
023234911
023234920
023234938
023234946
023234954
023234962
023234971
023234989
023234997
023235004
023235012
023235021
023235039
023235047
023235055
023235063
023235071
023235080
023235098
023235101
023235110
023235128
023235136
023235144
023235152
023235161
023235179
023235187
023235195
023235209
023235217
023235225
023235233
023235241
023235250
023235268
023235276
023235284
023235292
023235306
023235314
023235322
023235349
023235357
023235365
023235373
023235390
023235403
023235411
023235420
023235438
023235446
023235454
023235501
023235829
023235837
023235845
023235853
023235861
023235870
023235888
023235896
023235900
023235918
023235926
023235934
023235942
023235951
023235969
023235977
023235985
023235993
023236001
023236019
023236027
023236035
023236043
023236051
023236060
023236078
023236086
023236094
023236108
023236116
023236124
023236132
023236141
023236159
023236167
023236175
023236183
023236191
023236205
023236213
023236221
023236230
023236248
023236256
023236264
023236272
023236752
023238003
023245671
023246090
023246103
023246111
023246120
023246138
023246146
023246154
023246162
023246171
023246189
023246197
023246201
023246219
023246227
023246235
023246243
023246251
023246260
023246278
023246286
023246294
023246308
023246316
023246324
023246332
023246341
023246359
023246367
023246375
023246383
023246391
023246405
023246413
023246421
023246430
023246448
023246456
023246464
023246472
023246481
023246499
023246502
023246511
023246529
023246537
023246545
023246553
023246561
023246570
023246588
023246596
023246600
023246618
023246626
023246634
023246642
023246651
023246669
023246677
023246685
023246693
023246707
023246715
023246723
023246731
023246740
023246758
023246766
023246774
023246782
023246791
023246804
023246812
023246821
023246839
023246847
023246855
023246863
023246871
023246880
023246898
023246901
023246910
023246928
023246936
023246944
023246952
023246961
023246979
023246987
023246995
023247002
023247011
023247029
023247037
023247045
023251191
023251484
023256834
023257806
023259434
023259655
023259663
023259671
023259680
023259698
023259701
023259710
023259728
023259736
023259744
023259752
023259761
023259779
023259787
023259795
023259809
023259817
023259825
023259833
023259841
023259850
023259868
023260005
023260013
023260021
023260048
023260056
023260064
023260327
023260335
023260343
023260351
023260360
023260386
023260416
023260424
023260998
023261005
023261013
023261021
023261048
023261056
023261064
023263385
023263393
023263407
023263415
023263423
023263431
023263440
023263458
023263466
023263474
023263482
023263491
023263504
023263512
023263521
023263539
023263547
023263555
023265001
023265019
023265027
023265035
023265043
023265051
023265060
023265078
023265086
023265094
023265108
023265116
023265124
023265132
023265141
023265159
023265299
023265302
023265311
023265329
023265337
023265884
023267178
023267704
023267712
023267721
023267739
023267747
023267755
023267763
023267771
023267780
023267798
023267801
023267810
023267828
023267836
023267844
023267852
023267861
023267879
023267887
023267895
023267909
023267917
023267925
023267933
023267941
023267950
023267968
023267976
023267984
023267992
023268000
023268018
023268026
023268034
023268042
023268051
023268069
023268077
023268085
023268093
023268107
023268115
023268123
023268131
023268140
023268158
023268166
023268174
023268182
023268191
023268204
023268212
023268221
023268239
023268247
023268255
023268263
023268271
023268280
023268298
023268301
023268310
023268328
023268336
023268344
023268352
023268361
023268379
023268387
023268395
023268409
023268417
023268433
023268441
023268450
023268468
023268476
023268484
023268492
023268506
023268514
023268522
023268531
023268549
023268557
023268565
023268573
023268581
023268590
023268603
023268611
023268620
023268638
023268646
023268654
023268662
023268671
023268689
023268697
023268701
023268719
023268727
023268735
023268743
023268751
023268760
023268778
023268786
023268794
023268808
023268816
023268824
023268832
023268841
023268859
023268867
023268875
023268883
023268891
023268905
023268913
023268921
023268930
023268948
023268956
023268964
023268972
023268981
023268999
023269006
023269014
023269022
023269031
023269049
023269057
023269065
023269073
023269081
023269090
023269103
023269111
023269120
023269138
023269146
023269154
023269162
023269171
023269189
023269197
023269201
023269219
023269227
023269235
023269243
023269251
023269260
023269278
023269286
023269294
023269308
023269316
023269324
023269332
023269341
023269359
023269367
023269375
023269383
023269391
023269405
023269413
023269421
023269430
023269448
023269456
023269464
023269472
023269481
023269499
023269502
023269511
023269529
023269537
023269545
023269553
023269561
023269570
023269588
023269596
023269600
023269618
023269626
023269634
023269642
023269651
023269669
023269677
023269685
023269693
023269707
023269715
023269723
023269731
023269740
023269758
023269766
023269774
023269782
023269791
023269804
023269812
023269821
023269839
023269847
023269855
023269863
023269871
023269880
023269898
023269901
023269910
023269928
023269936
023269944
023269952
023269961
023269979
023269987
023269995
023270004
023270012
023270021
023270039
023270047
023270055
023270063
023270071
023274590
023278480
023280239
023280549
023281278
023281499
023284633
023284757
023284846
023284854
023284935
023284978
023285443
023285451
023285460
023285478
023285486
023285494
023285508
023285516
023285524
023285532
023285541
023285559
023285567
023285575
023285583
023285591
023285605
023285613
023285621
023285630
023285729
023286156
023286164
023286172
023286181
023286199
023286202
023286211
023286229
023286237
023286245
023286253
023286261
023286270
023286288
023286296
023286300
023286318
023286326
023286334
023286342
023286351
023286369
023286377
023286385
023286393
023286407
023286415
023286423
023286431
023286440
023286458
023286466
023286474
023286482
023286491
023286504
023286512
023286521
023286539
023286547
023286555
023286563
023286571
023286580
023286598
023286601
023286610
023286628
023286636
023286644
023286652
023286661
023286679
023286687
023286695
023286709
023286717
023286725
023287268
023287659
023289228
023289236
023289244
023289252
023289261
023289279
023289287
023289295
023289309
023289317
023289325
023289333
023289341
023289350
023289368
023289376
023289384
023289392
023289406
023289414
023289422
023289431
023289449
023293896
023293926
023293942
023293951
023293969
023293977
023293985
023293993
023294001
023294019
023294027
023294035
023294043
023294051
023294060
023294078
023294086
023294094
023294108
023294116
023294124
023294132
023294141
023294159
023294167
023294175
023294183
023294191
023294205
023294213
023294221
023294230
023294248
023294256
023294264
023294272
023294281
023294299
023294302
023294311
023294329
023294337
023294345
023294353
023294361
023294370
023294388
023294396
023294400
023294418
023294426
023294434
023294442
023294451
023294469
023294477
023294485
023294493
023294507
023294515
023294523
023294531
023294540
023294558
023294566
023294574
023294582
023294591
023294817
023295198
023295201
023295210
023295228
023295236
023295244
023295252
023295261
023295279
023295287
023295295
023295309
023295317
023295325
023295333
023295341
023295350
023295368
023295376
023295384
023295392
023295406
023295414
023295422
023295431
023295449
023295457
023295465
023295473
023295481
023295490
023295503
023295511
023295520
023295538
023295546
023295554
023295562
023295571
023295589
023295597
023295601
023295619
023295627
023295635
023295643
023295651
023295660
023295678
023295686
023295694
023295716
023295724
023295732
023295741
023295759
023295767
023295775
023295783
023295791
023295805
023295813
023295821
023295830
023295848
023295856
023295864
023295872
023295881
023295899
023295902
023295911
023295929
023295937
023295945
023295953
023295961
023296101
023296429
023296437
023296445
023296453
023296461
023296470
023297867
023301261
023301651
023302593
023302925
023302933
023302984
023302992
023303000
023303018
023303026
023303034
023303042
023303051
023303069
023303077
023303085
023303093
023303107
023303115
023303123
023303131
023303140
023303158
023303166
023303174
023303182
023303191
023303204
023303212
023303221
023303239
023303247
023303255
023303263
023303271
023303280
023303298
023303301
023303310
023303328
023303336
023303344
023303352
023303361
023303379
023303387
023303395
023303409
023303417
023303425
023303433
023303441
023303450
023303468
023303476
023303484
023303492
023303506
023303514
023303522
023303531
023303549
023303557
023303565
023303573
023303581
023303590
023303603
023303611
023303620
023303638
023303646
023303654
023303662
023303671
023303689
023303697
023303701
023303751
023303760
023303778
023303786
023303794
023303808
023303816
023303824
023304685
023304731
023304898
023304961
023304995
023305011
023305134
023305151
023305169
023305177
023305185
023305193
023305207
023305215
023305223
023305231
023305240
023305258
023305266
023305304
023310189
023310197
023317175
023317230
023319160
023319178
023321881
023323205
023323213
023323221
023323230
023323248
023323256
023323264
023323272
023323281
023323299
023323302
023323311
023323329
023323337
023323345
023323353
023323361
023323370
023323388
023323396
023323400
023323418
023323426
023323434
023323442
023323451
023323469
023323477
023323485
023323493
023323507
023323515
023323523
023323531
023323540
023323558
023323566
023323574
023323582
023323591
023323604
023323612
023323621
023323639
023323647
023323655
023323663
023323671
023323680
023323698
023323701
023323710
023323728
023323736
023323744
023323752
023323761
023323779
023323787
023323795
023323809
023323817
023323825
023323833
023323841
023323850
023323868
023323876
023323884
023323892
023323906
023323914
023323922
023323931
023323949
023324651
023325275
023325283
023325291
023325305
023325313
023325321
023325330
023327944
023330554
023330562
023330571
023330589
023330856
023330864
023330872
023330881
023330899
023330902
023330911
023330929
023330937
023330945
023330953
023330961
023330970
023330988
023330996
023331933
023332077
023335076
023335378
023335670
023335700
023336081
023337818
023337834
023337907
023337931
023338121
023338130
023338491
023341297
023341301
023341661
023341670
023341688
023341696
023341700
023341718
023341726
023341734
023341742
023341751
023341769
023341777
023341785
023341793
023341807
023341815
023341823
023341831
023341840
023341858
023341866
023341874
023341882
023341891
023341904
023341912
023341921
023341939
023341947
023341955
023341963
023341971
023341980
023341998
023342005
023343320
023343486
023343524
023343532
023343541
023343559
023343567
023343575
023343583
023343591
023343605
023343621
023343630
023343648
023343656
023343664
023343672
023343681
023343699
023343702
023343711
023343729
023343737
023344067
023354780
023359269
023359277
023359285
023359293
023359307
023359315
023359323
023359331
023359340
023359358
023359366
023359374
023359382
023359391
023359404
023359412
023359421
023359439
023359447
023359455
023359463
023359471
023359480
023359498
023359501
023359510
023359528
023359536
023359544
023359552
023359561
023359579
023359587
023359595
023359609
023359617
023359625
023359633
023359641
023359650
023359668
023359676
023359684
023359692
023359706
023359714
023359722
023359731
023359749
023359757
023359765
023359773
023359780
023359781
023359790
023359803
023359811
023359820
023359838
023359846
023359854
023359862
023359871
023359889
023359897
023359901
023359919
023359927
023359935
023359943
023359951
023359960
023359978
023359986
023359994
023360003
023360119
023360135
023360143
023360151
023360160
023360178
023360186
023360194
023360208
023360216
023360224
023360232
023360241
023360259
023360267
023360275
023360283
023360291
023360305
023360313
023360321
023360330
023360348
023360356
023360364
023360372
023360381
023360399
023360402
023367768
023367784
023367814
023367822
023369965
023370335
023370351
023371242
023371251
023371269
023371277
023371285
023371293
023374055
023374951
023375591
023377038
023377046
023377054
023377305
023377313
023377321
023377330
023377348
023377356
023377364
023377372
023377381
023377399
023377402
023377411
023377429
023377437
023377445
023377453
023377461
023377470
023377488
023377496
023377500
023377518
023377526
023377534
023377542
023377551
023377569
023377577
023377585
023377593
023377607
023377615
023377623
023377631
023377721
023378026
023378042
023378395
023378425
023378441
023378450
023378468
023378476
023378484
023378492
023378506
023378514
023378522
023378531
023378573
023378581
023378590
023382112
023382180
023384115
023384123
023384131
023384140
023384158
023384166
023384174
023384182
023384191
023384204
023384212
023384221
023384239
023384247
023384255
023384263
023384271
023384280
023384298
023384310
023384328
023384336
023384344
023384347
023384352
023384361
023384379
023384387
023384395
023384409
023384417
023384425
023384433
023384441
023384450
023384468
023384476
023384484
023384492
023384506
023385219
023391464
023393866
023393882
023393891
023394668
023399929
023399937
023399988
023400013
023404086
023404108
023404116
023404124
023404141
023404159
023404167
023404175
023404183
023404191
023404205
023404213
023404221
023404230
023404248
023404256
023404264
023404272
023404281
023404299
023404302
023404311
023404329
023404337
023404345
023404353
023404361
023404370
023404388
023404396
023404434
023405198
023405201
023406402
023407441
023407450
023407468
023407476
023407484
023407492
023407506
023407514
023407522
023407531
023407549
023407557
023407565
023407573
023407581
023407590
023407603
023407611
023407620
023407638
023407646
023407654
023407662
023407671
023407689
023407697
023407701
023407719
023407727
023407735
023407743
023407751
023407760
023407778
023407786
023407794
023407808
023407816
023407824
023407832
023407841
023407859
023407867
023407875
023407883
023407891
023407905
023407913
023407930
023407948
023407956
023407964
023407972
023407981
023407999
023408006
023408014
023412135
023413930
023418277
023418834
023418842
023418851
023418869
023418877
023418885
023421045
023421070
023421088
023421291
023421860
023421878
023422858
023424150
023428481
023430494
023431245
023431423
023431474
023431482
023431670
023432306
023435071
023441798
023446579
023446587
023446714
023447028
023447338
023450380
023451343
023451378
023451483
023451513
023451653
023451661
023451670
023454733
023454750
023454768
023454776
023454784
023454792
023454806
023454814
023454822
023454831
023454849
023454857
023454865
023454873
023454881
023454890
023454903
023454911
023454920
023454938
023454946
023454954
023454962
023454971
023454989
023454997
023455004
023455012
023455021
023455039
023455047
023455055
023455063
023455071
023455080
023455098
023455101
023455110
023455128
023455136
023455144
023455152
023455161
023455179
023455187
023455195
023455209
023455217
023455225
023455233
023455241
023455250
023455268
023455276
023455284
023455292
023455306
023457333
023457392
023457406
023457414
023457422
023457431
023457449
023457457
023457465
023457473
023457481
023457490
023457503
023457511
023457520
023457538
023457546
023457554
023457562
023457571
023457589
023457597
023457601
023457619
023457627
023457635
023457643
023457651
023457660
023457678
023457686
023457694
023457708
023457716
023457724
023457732
023457741
023457759
023457767
023457775
023457783
023457791
023457805
023457813
023457821
023457830
023457848
023457856
023457864
023457872
023457881
023457899
023457902
023457911
023457929
023457937
023457945
023457953
023457961
023457970
023457988
023457996
023458003
023458011
023461021
023462264
023462272
023462281
023462299
023462302
023462311
023462329
023462337
023462345
023462353
023462361
023462370
023462396
023462400
023462418
023462426
023462434
023462442
023462451
023462469
023462477
023462485
023462493
023462507
023462515
023462523
023462531
023462540
023462558
023462566
023462574
023462582
023462591
023462604
023462612
023462621
023462639
023462647
023462655
023462663
023462671
023462680
023462698
023462701
023462710
023462728
023462736
023462744
023462752
023462761
023462779
023462787
023462795
023462809
023462817
023462825
023462833
023462841
023462850
023462868
023462876
023462884
023462892
023462906
023462914
023462922
023462931
023462949
023462957
023462965
023462973
023462981
023462990
023463007
023463015
023463023
023463031
023463040
023463058
023463066
023463074
023463082
023463091
023463104
023463112
023463121
023463139
023463147
023463155
023463163
023463171
023463180
023463198
023463201
023463210
023463228
023463236
023463244
023463252
023463261
023463279
023463287
023463295
023463309
023463317
023463325
023463333
023463341
023463350
023463368
023463376
023463384
023463392
023463406
023463414
023463422
023463431
023463449
023463457
023463465
023463473
023463481
023463490
023463503
023463511
023463520
023463538
023463546
023463554
023463562
023463571
023463589
023463597
023463601
023463619
023463627
023463635
023463643
023463651
023463660
023463678
023463686
023463694
023463708
023463716
023463724
023463732
023463741
023463759
023463767
023463775
023463783
023463791
023463805
023463813
023463821
023463830
023463848
023463856
023463864
023463872
023463881
023463899
023463902
023463911
023463929
023463937
023463945
023463953
023463961
023463970
023463988
023463996
023464003
023464011
023464020
023464038
023464046
023464054
023464062
023464071
023464089
023464097
023464101
023464119
023464127
023464135
023464143
023464151
023464160
023464178
023464186
023464194
023464208
023464216
023464224
023464232
023464241
023464259
023464267
023464275
023464283
023464291
023464305
023464313
023464321
023464330
023464348
023464356
023464364
023464372
023464381
023464399
023464402
023464411
023464429
023464437
023464445
023464453
023464461
023464470
023464488
023464496
023464950
023464968
023464976
023464984
023464992
023465000
023465018
023465026
023465638
023465646
023465654
023465662
023465671
023465689
023465697
023465701
023465719
023465727
023465735
023465743
023465751
023465760
023465778
023465786
023465794
023465808
023465816
023465824
023465832
023465841
023465859
023465867
023465875
023465883
023465891
023465905
023465913
023465921
023465930
023465948
023465956
023465964
023465972
023465981
023466430
023466448
023466456
023466464
023466472
023466481
023466499
023466502
023466511
023466529
023466537
023466545
023466553
023466561
023466570
023466588
023466596
023466600
023466618
023466626
023466634
023466642
023466651
023466669
023466677
023466685
023466693
023466707
023466715
023466723
023466731
023466740
023466758
023466766
023466774
023466782
023466791
023466804
023466812
023466821
023466839
023466847
023466855
023466863
023466871
023466880
023467151
023473274
023473410
023474301
023474688
023474785
023474866
023475781
023475943
023476842
023477733
023477741
023477750
023478934
023483512
023483563
023484284
023484331
023484365
023484497
023488107
023488115
023488123
023491302
023491311
023491329
023491337
023491345
023491353
023491361
023491370
023491388
023491396
023491400
023491418
023491426
023491434
023491442
023493348
023493534
023493542
023493551
023493569
023493577
023493585
023493593
023493607
023493615
023493623
023493631
023493640
023493658
023493666
023493674
023493682
023493691
023493704
023493712
023493721
023494352
023494361
023494379
023494387
023494395
023494409
023494417
023494425
023494433
023494441
023494450
023494468
023494476
023494484
023494492
023494506
023494514
023494522
023494531
023494549
023494557
023494565
023494573
023494581
023494590
023494603
023494611
023494620
023494638
023494646
023494654
023494662
023494671
023494689
023494697
023494701
023494719
023494727
023494735
023494743
023494751
023494760
023494778
023494786
023494794
023494808
023494816
023494824
023494832
023494841
023494859
023494867
023494875
023494883
023494891
023494905
023494913
023496801
023496819
023497009
023497076
023497084
023497092
023497106
023497114
023497122
023497131
023497149
023497157
023497165
023497173
023497181
023497190
023497203
023497211
023497220
023497238
023497246
023497254
023497262
023497271
023497289
023497297
023497301
023497319
023497327
023497335
023497343
023497351
023497815
023498528
023498544
023498552
023498561
023498579
023498587
023498595
023498609
023498617
023498625
023498633
023498641
023498650
023498668
023498676
023498684
023498692
023498706
023498714
023498722
023498731
023498749
023498757
023498765
023498773
023498781
023498790
023498803
023498811
023498820
023498838
023498846
023498854
023498862
023498871
023498889
023498897
023498901
023498919
023498927
023498935
023498943
023498951
023498960
023498978
023498986
023498994
023499001
023499010
023499028
023499036
023499044
023499052
023499061
023499079
023499087
023499117
023499125
023500816
023500824
023500832
023500841
023500859
023500867
023500875
023500883
023500891
023500905
023500913
023500921
023500930
023500948
023500956
023500964
023500972
023500981
023500999
023501006
023501014
023501022
023501031
023501049
023501057
023502428
023502444
023502703
023502754
023508183
023510820
023511770
023511796
023511800
023511818
023511826
023511834
023511842
023511851
023511869
023511877
023511885
023511893
023511907
023511915
023511923
023511931
023511940
023511958
023511966
023511974
023511982
023511991
023512008
023512016
023512024
023512032
023512041
023512059
023512067
023512075
023512083
023512091
023512105
023512113
023512121
023512130
023512148
023512156
023512164
023512172
023512181
023512199
023512202
023512211
023512229
023512237
023512547
023512717
023513039
023513446
023513705
023515155
023517972
023518197
023519274
023520965
023521015
023521023
023521031
023521040
023521058
023521082
023521091
023521104
023521112
023521121
023521139
023521147
023521155
023521163
023521171
023521180
023521198
023524111
023525088
023525096
023525100
023525118
023525126
023525134
023525142
023525151
023525169
023525177
023525185
023525193
023525207
023525215
023525223
023525231
023525240
023525258
023525266
023525274
023525282
023525291
023525304
023525312
023525321
023525339
023525347
023525355
023525363
023525371
023525380
023525398
023525401
023525410
023525428
023525436
023525444
023525452
023525461
023525479
023525487
023525495
023525509
023525517
023525525
023525533
023525541
023525550
023525568
023525576
023525584
023525592
023525606
023525614
023525622
023525631
023525649
023525657
023525665
023525673
023525681
023525690
023525703
023525711
023525720
023525738
023525746
023525754
023525762
023525771
023525789
023525797
023525801
023525819
023525827
023525835
023525843
023525851
023525860
023525878
023525886
023525894
023525908
023525916
023525924
023525932
023525941
023525959
023525967
023525975
023525983
023525991
023526009
023526017
023526025
023526033
023526041
023526050
023526068
023526076
023526084
023526092
023526106
023526114
023526122
023526131
023526149
023526157
023526165
023526173
023526181
023526190
023526203
023526211
023526220
023526238
023526246
023526254
023526262
023526271
023526289
023526297
023526301
023526319
023526327
023526335
023526343
023526351
023526360
023526378
023526386
023526394
023526408
023526416
023526424
023526432
023526441
023526459
023526467
023526475
023526483
023526491
023526505
023526513
023526807
023526823
023527439
023527871
023530511
023530529
023530537
023530545
023530553
023530561
023530570
023530588
023530596
023530600
023530618
023530626
023530634
023530642
023530651
023530669
023530677
023530685
023530693
023530707
023530715
023530723
023530731
023530740
023530758
023530766
023530774
023530782
023530791
023530804
023530812
023530821
023530839
023530847
023530855
023530863
023530871
023530880
023530898
023530901
023530910
023530928
023530936
023530944
023530952
023530961
023530979
023530987
023530995
023531002
023531011
023531029
023531037
023531045
023532084
023532092
023532106
023532114
023532122
023532131
023532149
023532157
023532165
023532173
023532181
023532190
023532203
023532211
023532220
023532823
023532831
023533064
023534524
023534532
023534541
023537027
023537035
023537051
023537060
023537078
023537086
023537094
023537108
023537116
023537124
023537132
023537141
023537159
023537167
023537175
023537183
023537191
023537205
023537213
023537221
023537230
023537248
023537256
023537264
023537272
023537281
023537299
023537302
023537311
023537329
023537337
023537345
023537353
023537361
023539241
023540231
023540273
023543892
023543906
023543914
023543922
023543931
023543949
023543957
023543965
023543973
023543981
023543990
023544007
023544546
023545747
023545755
023545763
023545771
023545780
023545798
023545801
023545810
023545828
023545836
023545844
023545852
023545861
023545879
023545887
023545895
023545909
023545917
023545925
023545933
023545941
023545950
023545968
023545976
023545984
023545992
023546000
023546018
023546026
023546034
023546042
023546051
023546069
023546085
023546115
023547278
023553782
023553821
023559349
023559357
023559373
023559381
023559403
023561106
023561114
023561360
023561378
023561386
023561394
023561408
023561416
023561424
023561432
023561441
023561459
023561467
023561475
023561483
023561491
023561505
023561513
023561521
023561530
023561548
023561556
023561564
023561572
023561581
023561599
023561602
023561611
023561629
023561637
023561645
023561653
023561661
023561670
023561688
023561696
023561700
023561718
023561726
023561734
023561742
023561751
023562773
023562781
023562803
023562811
023563036
023565071
023565080
023565098
023565101
023565110
023565128
023565136
023565144
023565152
023565161
023565179
023565187
023565195
023565209
023565217
023565225
023565233
023565241
023565250
023565268
023565276
023565284
023565292
023565306
023565314
023565322
023565331
023565349
023565357
023565365
023565373
023565381
023565390
023565403
023565411
023565420
023565438
023565446
023565454
023565462
023565471
023565489
023565497
023565501
023565519
023565527
023565535
023565543
023565551
023565560
023565578
023565586
023565594
023565608
023565616
023565624
023565632
023565641
023565659
023565667
023565675
023565683
023565691
023565705
023565721
023565730
023565748
023565764
023565772
023565781
023565799
023565802
023565811
023565829
023565837
023565845
023565853
023565861
023565870
023565888
023565896
023565900
023565918
023565926
023565934
023565942
023565951
023565969
023565977
023565985
023565993
023566001
023566019
023566027
023566035
023566043
023566051
023566060
023566078
023566086
023566094
023566108
023566116
023566124
023566132
023566141
023566159
023566451
023568625
023568945
023569131
023571705
023572451
023572477
023574976
023576626
023576634
023576642
023576651
023576669
023576677
023576685
023576693
023576707
023576715
023576723
023576731
023578581
023578998
023579013
023580607
023580721
023581875
023583851
023585935
023587890
023587903
023587911
023587920
023587938
023587946
023587954
023587962
023587971
023587989
023587997
023588004
023588012
023588021
023588039
023588047
023588055
023588063
023588071
023588080
023588098
023588101
023588110
023588128
023588136
023588144
023588152
023588161
023588179
023588187
023588195
023588209
023588217
023588225
023588233
023588241
023588250
023588268
023588276
023588284
023588292
023588306
023588314
023588322
023588331
023588349
023588357
023588365
023588373
023588381
023588390
023588403
023588411
023588420
023588438
023588446
023588454
023588462
023588471
023588489
023588497
023588501
023588519
023588527
023588535
023588543
023588551
023588560
023590068
023593555
023593563
023595060
023595078
023595086
023595094
023595108
023595116
023595124
023595132
023595141
023595159
023595167
023595175
023595183
023597631
023597691
023597704
023599642
023600799
023602791
023602805
023602813
023602821
023602830
023602848
023602856
023602864
023602872
023602881
023602899
023602902
023602911
023602929
023602937
023602945
023602953
023602961
023602970
023603046
023607483
023607491
023607505
023607513
023607521
023607530
023607548
023607556
023607564
023607572
023608382
023608391
023608404
023608412
023608421
023608439
023608447
023608455
023608463
023608471
023608536
023608552
023610166
023610182
023611723
023611740
023611821
023612312
023612339
023612347
023612355
023612363
023612428
023612452
023612461
023612479
023612487
023612495
023612509
023612517
023612525
023612533
023612541
023612550
023612568
023612576
023613190
023613203
023613211
023613220
023613238
023613246
023613254
023613262
023613271
023613289
023613297
023613301
023613319
023613327
023613335
023613343
023613351
023613360
023613378
023613386
023613394
023613408
023613416
023613424
023613432
023613441
023613459
023613467
023613475
023613483
023613491
023613505
023613513
023614340
023614358
023614943
023614951
023614960
023614978
023614986
023614994
023615001
023615010
023615028
023615036
023615044
023615052
023615061
023615079
023615087
023615095
023615109
023615117
023615125
023615133
023615141
023615150
023615168
023615176
023615184
023615192
023615206
023615214
023615222
023615231
023615249
023615257
023615265
023615273
023615281
023615290
023615303
023615311
023615320
023615338
023615346
023615354
023615362
023615371
023615389
023615397
023615401
023615419
023615427
023615435
023615443
023615451
023615460
023615478
023615486
023615494
023615508
023615516
023615524
023615532
023615541
023615559
023615567
023615575
023615583
023615591
023615605
023615613
023615621
023615630
023615648
023615656
023615664
023615672
023615681
023615699
023615702
023615711
023615729
023615737
023615745
023615753
023615761
023615770
023615788
023615796
023615800
023615818
023615826
023615834
023615842
023615851
023615869
023615877
023615885
023615893
023615907
023615915
023617098
023617691
023618213
023618221
023618230
023618248
023618256
023618264
023618272
023618281
023618299
023618302
023618311
023618329
023618337
023618345
023618353
023618361
023618370
023618752
023618965
023618973
023618981
023618990
023619244
023619848
023622504
023622652
023622661
023625139
023625147
023625155
023626089
023626101
023626119
023626127
023626135
023626143
023626151
023626160
023626178
023626186
023626194
023626208
023626216
023626241
023627255
023629185
023632682
023632691
023632704
023632712
023632721
023632739
023632747
023632755
023632763
023632771
023632780
023632798
023632801
023632810
023632828
023632836
023634669
023634677
023634863
023634910
023636025
023640421
023640430
023640448
023640456
023640464
023640472
023640481
023640499
023640502
023640511
023640529
023640537
023640545
023640553
023640561
023640570
023640588
023640596
023640600
023640618
023640626
023640634
023640642
023640651
023640669
023640677
023640685
023640693
023640707
023640715
023640723
023640731
023640740
023640758
023640766
023640774
023640782
023640791
023640804
023640812
023640821
023640839
023640847
023640855
023640863
023640871
023640880
023640898
023640901
023640910
023640928
023640936
023640944
023640952
023640961
023640979
023640987
023640995
023641002
023641011
023641029
023641037
023641045
023641053
023641061
023641070
023641088
023641096
023641100
023641118
023641126
023641134
023641142
023641151
023641169
023641177
023641185
023641193
023641207
023641215
023641223
023641231
023641240
023641258
023641266
023641274
023641282
023641291
023641304
023641312
023641321
023641339
023641347
023641355
023641363
023641371
023641380
023641398
023641401
023641410
023641428
023641436
023641444
023641452
023641461
023641479
023641487
023641495
023641509
023641517
023641525
023641533
023641541
023641550
023641568
023641576
023641584
023641592
023641606
023641614
023641622
023641631
023641649
023641657
023641665
023641673
023641681
023641690
023641703
023641711
023641720
023641738
023641746
023641754
023641762
023641771
023641789
023641797
023641801
023641819
023641827
023641835
023641843
023641851
023641860
023641878
023641886
023641894
023641908
023641916
023641924
023641932
023641941
023641959
023641967
023641975
023641983
023641991
023642009
023642017
023642025
023642033
023642041
023642050
023642068
023642076
023646438
023649801
023650028
023651563
023652187
023652195
023652209
023652217
023652225
023652241
023652250
023652594
023652900
023652926
023653213
023653221
023653426
023653434
023653442
023653451
023653469
023653477
023653485
023653493
023653507
023653515
023653523
023653531
023653540
023653558
023653566
023653574
023653582
023653591
023653604
023653612
023653621
023653639
023653647
023653655
023653663
023653671
023653680
023653698
023653701
023653710
023653728
023653736
023653744
023653752
023653761
023653779
023653787
023653795
023653809
023653817
023653825
023653833
023653841
023653850
023653868
023653876
023653884
023653892
023653906
023653914
023653922
023654635
023654643
023654651
023654660
023654678
023654686
023654694
023654708
023654716
023654724
023654732
023654741
023654759
023654791
023655828
023656425
023656794
023656956
023656964
023660082
023660091
023660104
023660112
023660121
023660139
023660147
023660155
023663359
023667214
023667222
023667231
023667249
023667257
023667265
023667273
023667281
023667290
023667303
023667311
023667320
023667338
023667346
023667354
023667362
023667371
023667389
023667397
023667401
023667419
023667427
023667435
023667443
023667451
023667460
023667478
023667486
023667494
023667508
023667516
023667524
023667532
023667541
023667559
023667567
023667583
023667591
023667605
023668229
023668270
023668288
023668296
023668300
023668318
023675641
023675802
023675837
023675845
023675853
023675861
023675896
023675934
023675951
023675969
023676353
023676361
023676370
023676388
023676396
023676400
023676418
023676426
023676434
023676442
023676451
023676469
023676477
023676485
023676493
023676507
023677066
023677074
023677082
023677104
023677368
023677376
023677384
023677392
023677406
023677414
023677422
023677431
023677449
023677457
023677465
023677473
023677481
023677490
023677503
023677511
023677520
023677538
023677546
023677554
023677562
023677571
023677589
023677597
023677601
023677619
023677627
023677635
023677643
023677651
023677660
023677678
023677686
023677694
023677708
023677716
023677724
023677732
023677741
023677759
023677767
023677775
023677783
023677791
023677805
023677813
023677821
023677830
023677848
023677856
023677864
023677872
023677881
023677899
023677902
023677911
023677929
023677937
023677945
023677953
023677961
023677970
023677988
023677996
023678003
023678011
023678020
023678038
023678046
023678054
023678062
023678071
023678089
023678097
023678101
023678119
023678127
023678135
023678143
023678151
023678160
023678178
023678186
023678194
023684828
023684879
023685158
023685581
023686278
023686812
023686952
023686961
023686979
023690020
023690038
023691531
023691638
023691662
023692464
023692472
023692481
023692499
023692502
023692511
023692561
023692570
023692588
023693522
023696460
023697075
023697083
023697091
023697105
023697113
023697121
023697130
023697148
023697156
023697164
023697172
023697181
023697199
023697202
023697211
023697229
023697237
023697245
023697253
023697261
023697270
023697288
023697296
023697300
023697318
023697458
023697466
023697636
023697652
023697661
023697679
023697687
023697695
023697709
023697717
023697725
023697733
023697741
023697750
023697768
023697776
023697784
023697792
023697806
023697814
023697822
023697831
023697849
023697857
023697865
023697873
023697881
023697890
023697903
023697911
023697920
023697938
023697946
023697954
023697962
023697971
023697989
023697997
023698004
023698012
023698021
023698039
023698047
023698055
023698063
023698071
023698080
023698098
023698101
023698420
023698501
023698527
023698535
023698543
023698551
023698560
023698578
023698586
023698594
023698608
023698616
023698624
023698632
023698641
023698659
023698667
023698675
023698683
023698691
023698705
023698713
023698721
023698730
023698748
023698756
023698764
023698772
023698781
023698802
023698811
023698829
023698837
023698845
023698853
023698861
023698870
023698888
023698896
023698900
023698918
023698926
023698934
023698942
023698951
023698969
023698977
023698985
023698993
023699001
023699019
023699027
023699035
023699043
023699051
023699060
023699078
023699086
023699094
023699108
023699116
023699124
023699132
023699141
023699159
023699167
023699175
023699183
023700157
023703385
023709120
023709359
023711175
023711973
023713909
023713925
023713933
023713941
023713950
023713968
023713976
023713984
023713992
023714000
023714018
023714026
023714034
023714042
023714051
023714069
023714077
023714085
023714093
023714107
023714115
023714123
023714131
023714140
023714158
023714166
023714174
023714182
023714191
023714204
023714212
023714221
023714239
023714247
023714255
023714263
023714271
023714280
023714298
023714301
023714310
023714336
023714344
023714352
023714361
023714379
023714387
023714395
023714409
023714417
023714425
023714433
023714441
023714450
023714468
023714476
023714484
023714590
023714603
023714611
023714620
023714638
023714646
023714654
023714662
023714671
023714689
023714697
023714701
023714719
023714727
023714735
023714743
023714751
023714760
023714778
023714786
023714794
023714808
023714816
023714824
023714832
023714841
023714859
023714867
023714875
023714883
023714891
023714905
023714913
023714921
023714930
023714948
023714956
023714964
023714972
023714981
023714999
023715006
023715014
023715022
023715031
023715049
023715057
023715065
023715073
023715081
023715090
023715103
023715111
023715120
023715138
023715146
023715154
023715162
023715171
023715189
023715197
023715201
023715219
023715227
023715235
023715243
023715251
023715260
023715278
023715286
023715294
023715308
023715316
023715324
023715332
023715341
023715359
023715367
023715375
023715383
023715391
023715405
023715413
023715421
023715430
023715448
023715456
023715464
023715472
023715481
023715499
023715502
023715511
023715529
023715537
023715545
023715553
023715561
023715570
023715588
023715596
023715600
023715618
023715626
023715634
023715642
023715651
023715669
023715677
023715685
023715693
023715707
023715715
023715723
023715731
023715740
023715758
023715766
023715774
023715782
023715791
023715804
023715812
023715821
023715839
023715847
023715936
023716801
023716819
023716827
023716835
023717912
023719117
023719125
023719133
023719141
023719150
023719168
023719176
023719184
023719192
023719206
023720506
023723726
023724013
023729759
023729767
023729775
023729783
023729791
023729805
023729813
023729821
023729830
023729848
023729856
023729864
023729872
023729881
023729899
023729902
023729970
023729988
023730218
023730226
023730234
023730242
023731753
023731770
023732610
023733675
023735660
023735996
023736003
023737964
023738049
023739002
023739011
023739029
023740370
023740388
023740396
023740400
023746793
023746807
023746815
023746823
023746831
023746840
023746858
023746866
023746874
023746882
023746891
023746904
023746912
023746921
023746939
023746947
023746955
023746963
023746971
023747765
023747773
023747781
023747790
023747803
023747811
023747820
023747838
023747846
023747854
023747862
023747871
023747889
023747897
023747901
023747919
023747927
023747935
023747943
023747951
023747960
023747978
023747986
023748001
023748010
023748036
023748061
023748079
023748087
023748095
023748109
023748117
023748125
023748133
023748141
023748150
023748168
023748176
023748184
023748192
023748206
023748222
023748231
023748249
023748257
023748265
023748273
023748281
023748290
023748303
023748311
023748320
023748338
023748346
023748354
023748371
023748389
023748397
023748401
023748419
023748427
023748435
023748443
023748451
023748460
023748486
023748494
023748508
023748524
023748532
023748559
023748567
023748575
023748583
023748591
023748605
023748613
023748621
023748630
023748648
023748656
023748664
023748672
023748681
023748699
023748702
023748711
023748729
023748737
023748745
023748753
023748761
023748770
023748788
023748796
023748800
023748818
023749962
023749997
023750006
023750341
023750359
023750481
023751614
023751631
023751649
023751657
023751665
023751673
023751681
023751690
023751703
023751720
023751738
023751746
023751754
023752408
023752416
023752424
023752432
023752441
023752459
023752467
023752475
023752483
023752491
023752505
023752513
023752521
023752530
023752548
023752556
023752564
023752572
023752581
023752599
023752602
023752611
023752629
023752637
023752645
023752653
023752661
023752670
023752688
023752696
023752700
023752718
023752726
023752734
023752742
023752751
023752769
023752777
023752785
023752793
023752807
023752815
023752823
023752831
023752840
023752858
023752866
023752874
023752882
023752912
023752921
023752939
023754311
023754451
023754460
023754478
023754486
023754494
023754508
023754516
023754524
023754532
023754541
023754559
023754567
023754575
023754583
023754591
023754605
023754613
023754621
023754630
023754648
023754656
023754664
023754672
023754681
023754699
023754702
023754711
023754729
023754737
023754745
023754753
023754761
023754770
023754788
023754796
023754800
023754818
023754826
023754834
023754842
023754851
023754869
023754877
023754885
023754893
023754907
023754915
023754923
023754931
023754940
023754958
023754966
023754974
023754982
023754991
023755008
023755016
023755024
023755032
023755041
023755059
023755067
023755075
023755083
023755091
023755105
023755113
023755121
023755130
023755148
023755156
023755164
023755172
023755181
023755199
023755202
023755211
023755229
023755237
023755245
023755253
023755261
023755270
023755288
023755296
023755300
023755318
023755326
023755334
023755342
023755351
023755369
023755377
023755385
023755393
023755407
023755415
023755423
023755431
023755440
023755458
023755466
023755474
023755482
023755491
023755504
023755512
023755521
023755539
023755547
023755555
023755563
023755571
023755580
023755598
023755601
023755610
023755628
023755636
023755644
023755652
023755661
023755679
023755687
023755695
023755709
023755717
023755725
023755733
023755741
023755750
023755768
023755776
023755784
023755792
023755806
023755814
023755822
023755831
023755849
023755857
023755865
023755873
023755881
023755890
023755903
023755911
023755920
023755938
023755946
023755954
023755962
023755971
023755989
023755997
023756004
023756012
023756021
023756039
023756047
023756055
023756063
023756071
023756080
023756098
023756101
023756110
023756128
023756136
023756144
023756152
023756161
023756179
023756187
023756195
023756209
023756217
023756225
023756233
023756241
023756250
023756268
023756276
023756284
023756292
023756306
023756314
023756322
023756331
023756349
023756357
023756365
023756373
023756381
023756390
023756403
023756411
023756420
023756438
023756446
023756454
023756462
023756471
023756489
023756497
023756501
023756519
023756527
023756535
023756543
023756551
023756560
023756578
023756586
023756594
023756608
023756616
023756624
023756632
023756641
023756659
023757493
023760010
023762012
023763531
023763566
023766956
023766999
023767006
023767014
023767022
023767031
023767049
023767618
023770266
023772115
023774371
023776579
023776587
023776595
023776609
023776617
023776625
023776706
023776714
023776722
023776731
023776749
023776765
023777150
023777168
023777176
023777184
023782935
023782943
023782951
023782960
023782978
023782986
023782994
023783001
023783010
023783028
023783036
023783044
023783052
023783061
023783079
023783087
023783095
023783109
023783117
023783125
023783133
023783141
023783150
023783168
023783176
023783184
023783192
023783206
023783214
023783222
023783231
023783257
023783265
023783273
023783281
023783290
023783702
023783851
023783869
023785128
023785390
023785403
023785411
023785420
023785438
023785446
023785454
023785462
023785471
023785489
023785497
023785501
023785519
023785527
023785535
023785543
023785551
023785560
023785578
023785586
023785594
023785608
023785616
023785624
023785632
023785641
023785659
023785667
023785675
023785683
023785705
023785713
023785721
023785730
023785748
023785756
023785764
023785772
023785781
023785799
023785802
023785811
023785829
023785837
023785845
023785853
023785861
023785870
023785888
023785896
023785926
023785942
023785969
023785977
023785985
023785993
023786001
023786019
023786027
023786035
023786043
023786051
023786060
023786078
023786116
023786256
023786264
023786639
023786779
023786787
023786892
023787031
023787040
023787058
023787066
023787074
023787082
023787091
023787104
023787112
023787121
023787139
023787147
023787155
023787163
023787171
023787180
023787198
023787201
023787210
023787228
023787236
023787244
023787252
023787261
023787279
023787287
023787295
023787309
023787317
023787325
023787333
023787341
023787350
023787368
023787376
023787384
023787392
023787406
023787414
023787422
023787431
023787449
023787457
023787465
023787473
023787481
023787490
023787503
023787511
023787520
023787538
023787546
023787554
023787562
023787571
023787589
023787597
023787601
023787619
023787627
023787635
023787643
023787651
023787660
023787678
023787686
023787694
023787708
023787716
023787724
023787732
023787741
023787759
023787767
023787775
023787783
023787791
023787805
023787813
023787821
023787830
023787848
023787856
023787864
023787872
023787881
023787899
023787902
023787911
023787929
023787937
023787945
023787953
023787961
023787970
023787988
023787996
023789751
023789760
023789778
023789786
023789794
023789808
023789816
023789824
023789832
023789841
023789867
023789875
023789883
023789891
023789905
023789913
023789921
023789930
023789948
023789956
023789964
023789972
023789981
023789999
023790008
023790016
023790024
023790032
023790041
023790059
023790067
023790075
023790083
023790091
023790105
023790113
023790121
023790130
023790148
023790156
023790164
023790172
023790181
023790199
023790202
023790211
023790229
023790237
023790245
023790253
023790261
023790270
023790288
023790296
023790300
023790318
023790326
023790334
023790342
023790351
023790369
023790377
023790385
023790393
023790407
023790415
023790423
023790431
023790440
023790458
023792299
023793970
023802201
023802359
023803924
023804246
023808411
023808420
023813679
023813865
023813873
023814098
023814101
023814110
023814128
023814136
023814144
023814152
023814161
023814179
023814187
023814195
023814209
023814217
023814225
023814233
023814241
023814250
023814268
023814276
023814284
023814292
023814306
023814314
023814322
023814331
023814349
023814357
023814365
023814373
023814381
023814390
023814403
023814411
023814420
023814438
023814446
023814454
023814462
023814471
023814489
023814497
023814501
023814519
023814527
023814535
023814543
023814551
023814560
023814578
023814586
023814594
023814616
023814748
023816431
023822368
023822376
023822384
023822392
023822406
023822414
023822422
023822431
023822449
023822457
023822465
023822473
023822481
023822490
023822503
023822511
023822520
023822538
023822546
023822554
023822562
023822571
023822589
023822597
023822601
023822619
023822627
023822635
023822643
023822651
023822660
023822678
023822686
023822694
023822708
023822716
023822724
023822732
023822741
023822759
023822767
023822775
023822783
023822791
023822805
023822813
023822821
023822830
023822848
023822856
023822864
023822872
023822881
023822899
023822902
023822911
023822929
023822937
023822945
023822953
023822961
023822970
023822988
023822996
023823003
023823011
023823020
023823038
023823046
023823054
023823062
023823071
023823089
023823097
023823101
023823119
023823127
023823135
023823143
023823151
023823160
023823178
023823186
023823194
023823208
023823216
023823224
023823232
023823241
023823259
023823267
023823275
023823283
023823291
023823305
023823313
023823321
023823330
023823348
023823356
023823364
023823372
023823381
023823399
023823402
023825651
023825669
023825677
023825685
023825693
023825707
023825715
023825723
023825731
023825740
023825758
023825766
023825774
023825782
023825791
023825804
023825812
023825821
023825839
023825847
023825855
023825863
023825871
023825880
023825898
023825901
023825910
023825928
023825936
023825944
023825952
023825961
023825979
023825987
023825995
023826002
023826011
023826029
023826037
023826045
023826053
023826061
023826070
023826088
023826096
023826100
023826118
023826126
023826134
023826142
023826151
023826169
023826177
023826185
023826193
023826207
023826215
023826223
023826231
023826240
023826258
023826266
023827637
023827661
023827742
023828404
023829737
023829745
023837365
023837373
023837489
023837497
023837519
023837527
023837535
023837543
023837551
023837560
023837578
023837586
023837594
023837608
023837616
023837624
023837632
023837641
023837659
023837667
023837675
023837683
023837691
023837705
023837713
023837721
023837730
023837748
023837756
023837764
023837772
023837781
023837799
023837802
023837811
023837829
023837837
023837845
023837853
023837861
023837870
023837888
023837896
023837900
023837918
023837926
023837934
023837942
023837951
023837969
023837977
023837985
023837993
023838001
023838019
023838027
023838035
023838043
023838051
023838060
023838078
023838086
023838094
023838108
023838116
023838124
023838132
023838141
023838159
023838167
023838175
023838183
023838191
023838205
023838213
023838221
023838230
023838248
023838256
023838264
023838272
023838281
023838299
023838302
023838311
023838329
023838337
023838345
023838353
023838361
023838370
023838388
023838396
023838400
023838418
023838426
023838434
023838442
023838451
023838469
023838477
023838485
023838493
023838507
023838779
023838809
023839139
023839147
023839155
023839163
023839171
023839180
023839481
023839490
023839503
023839511
023839520
023839538
023839546
023839554
023839562
023839571
023839589
023839597
023839601
023839619
023839627
023839635
023839643
023839651
023839660
023840234
023840242
023840251
023840269
023840277
023840285
023840293
023840307
023840315
023840323
023840331
023840340
023840358
023840366
023840374
023840382
023840391
023840404
023840412
023840421
023840439
023840447
023840455
023840463
023840471
023840480
023840498
023840501
023840510
023840528
023840536
023840544
023840552
023840561
023840579
023840587
023840625
023840633
023840641
023840650
023840668
023840676
023840684
023840692
023840706
023840714
023840722
023840731
023840749
023840757
023840765
023840773
023840781
023840790
023840803
023840811
023840820
023840838
023840846
023840854
023840862
023840871
023840889
023840897
023840901
023840919
023840927
023840935
023840943
023840951
023840960
023840978
023840986
023840994
023841001
023841010
023841028
023841036
023841044
023841052
023841061
023841079
023841087
023841095
023841109
023841117
023841125
023841133
023841141
023841150
023841168
023841176
023841184
023841192
023841206
023841214
023841222
023841231
023841249
023841257
023841265
023841273
023841281
023841290
023841303
023841311
023841320
023841338
023841346
023841354
023841362
023841371
023841389
023841397
023841401
023841419
023841427
023841435
023841443
023841451
023841460
023841478
023841486
023841494
023841508
023841516
023841524
023841532
023841541
023841559
023841567
023841575
023841583
023841591
023841605
023841613
023843527
023844272
023845724
023846232
023846241
023846259
023846267
023846275
023848022
023848031
023848545
023848651
023848669
023849649
023849657
023849665
023849673
023849681
023851210
023851228
023851236
023851244
023851252
023851261
023851279
023851287
023851295
023851309
023851317
023851325
023851333
023851341
023851350
023851368
023851821
023851830
023851848
023851856
023851864
023851872
023851881
023851899
023851902
023851911
023851929
023851937
023851945
023851953
023851961
023851970
023851988
023851996
023852003
023853671
023853689
023855690
023855703
023855711
023855720
023855860
023855878
023855886
023855894
023855908
023855916
023855932
023855941
023855959
023855967
023855975
023855983
023855991
023856009
023856343
023857684
023861231
023861240
023861258
023861266
023861274
023861282
023861291
023861304
023861312
023861321
023861339
023861347
023861355
023861363
023861371
023861380
023861398
023861401
023861410
023861428
023861436
023861444
023861452
023861461
023861479
023861487
023861762
023864427
023864435
023864443
023864451
023864460
023864478
023864486
023864494
023864508
023864516
023864524
023864532
023864541
023864559
023864567
023864575
023864583
023864591
023864605
023864613
023864621
023864630
023864648
023864656
023868007
023868040
023868457
023869330
023869488
023870648
023870702
023871288
023871296
023871300
023871318
023871326
023871334
023871342
023871351
023871369
023871377
023871385
023871393
023871407
023871415
023871601
023871610
023873370
023875895
023875909
023875917
023875925
023875933
023876000
023876026
023876808
023877702
023883715
023884274
023884312
023887095
023887109
023887117
023887125
023887133
023887141
023887150
023887168
023887176
023887184
023887192
023887206
023887214
023887222
023887231
023887249
023887257
023887265
023887273
023887281
023887290
023887303
023887311
023887371
023887389
023887702
023887753
023887770
023887788
023887796
023887800
023888491
023888504
023891980
023892056
023892064
023892072
023892081
023892099
023893443
023893451
023893460
023893478
023893486
023893494
023893508
023893516
023893524
023893532
023893541
023893559
023893567
023893575
023893583
023893591
023893605
023893613
023893621
023893630
023893648
023893656
023893664
023893672
023893681
023893699
023893702
023893711
023893729
023893737
023893745
023893753
023893761
023893770
023893788
023893796
023893800
023893818
023893826
023893834
023893842
023893851
023893869
023893877
023893885
023893893
023893907
023893915
023893923
023893931
023893940
023893958
023893966
023893974
023893982
023893991
023894008
023894016
023894024
023894032
023894041
023894059
023894067
023894075
023894083
023894091
023894105
023894113
023894121
023894130
023894148
023894156
023894164
023894172
023894181
023894199
023894202
023894211
023894229
023894237
023894245
023894253
023894261
023894270
023894288
023894296
023894300
023894318
023894326
023894334
023894342
023894351
023894369
023894377
023894385
023894393
023894407
023894415
023894423
023894431
023894440
023894458
023894466
023894474
023894482
023895586
023896795
023896809
023896817
023896825
023896833
023896841
023896850
023896868
023896876
023896884
023896892
023896906
023896914
023896922
023896931
023896949
023896957
023896965
023896973
023896981
023896990
023897007
023897015
023897023
023897031
023897040
023897058
023897066
023897074
023897082
023897091
023897104
023897112
023897121
023897139
023897147
023897155
023897163
023897171
023897180
023897198
023897201
023897210
023897228
023897236
023897244
023897252
023897261
023897279
023897287
023897295
023897309
023897317
023897325
023897333
023897341
023897350
023897368
023897376
023897384
023897392
023897406
023897414
023897422
023897431
023897449
023897457
023897465
023897473
023897481
023897490
023897503
023897511
023897520
023897538
023897546
023897554
023897562
023897571
023897589
023897597
023897601
023897619
023897627
023897635
023897643
023897651
023897660
023897678
023897686
023897694
023897708
023897716
023897724
023897732
023897741
023897759
023897767
023897775
023897783
023897791
023897805
023897813
023897821
023897830
023897848
023897856
023897864
023897872
023897881
023897899
023897902
023897911
023897929
023897937
023897945
023897953
023897961
023897970
023897988
023898844
023899671
023899689
023899697
023899701
023899719
023899727
023899735
023899743
023899751
023899760
023899778
023899786
023899794
023899808
023899816
023899824
023899832
023899841
023900245
023900342
023900466
023903279
023907673
023909587
023911581
023913428
023913436
023913452
023913461
023913479
023913487
023913495
023913509
023913517
023913525
023913533
023913541
023913550
023913568
023913576
023913584
023913592
023913606
023913614
023913622
023913631
023913649
023913657
023913665
023913673
023913681
023913690
023913703
023913711
023913720
023913738
023913746
023913754
023913762
023913771
023913789
023913797
023913801
023913819
023913827
023913835
023913843
023913851
023913860
023913878
023913894
023913908
023913916
023913924
023913932
023913941
023913959
023913967
023913975
023913983
023913991
023914009
023914017
023914025
023914033
023914041
023914050
023914068
023914076
023914084
023914092
023914106
023914114
023914122
023914131
023914149
023914157
023914165
023914173
023914181
023914190
023914203
023914211
023914220
023914238
023914246
023914262
023914271
023914289
023914297
023914301
023914319
023914327
023914335
023914343
023914351
023914360
023914378
023914386
023914394
023914408
023914416
023914424
023914432
023914441
023914459
023914467
023914475
023914483
023914491
023914505
023914513
023914521
023914530
023914548
023914556
023914564
023914572
023914581
023914599
023914602
023914611
023914629
023914637
023914645
023914653
023914661
023914670
023914688
023914696
023914700
023914718
023914726
023914734
023914742
023914751
023914769
023914777
023914785
023914793
023914807
023914815
023914823
023914831
023914840
023914858
023914866
023914874
023914882
023914891
023914904
023914912
023914921
023914939
023914947
023914955
023914963
023916567
023916583
023916591
023916605
023916613
023916621
023916630
023916648
023916656
023916664
023916672
023916681
023916699
023916702
023916711
023916729
023916737
023916745
023916753
023916761
023916770
023916788
023916796
023916800
023916818
023916826
023916834
023916842
023916851
023916869
023916877
023916885
023916893
023916907
023916915
023916923
023916931
023916940
023916958
023916966
023916974
023916982
023916991
023917008
023917016
023917024
023917032
023917041
023917059
023917067
023917075
023917083
023917091
023917105
023917113
023917121
023917130
023917148
023917156
023917164
023917172
023917181
023917199
023917202
023917211
023917229
023917237
023917245
023917253
023917261
023917270
023917288
023917296
023917300
023917318
023917326
023917334
023917342
023917351
023917369
023917377
023917385
023917393
023917407
023917415
023917423
023917431
023917440
023917458
023917466
023917474
023917482
023917491
023917504
023917512
023917521
023917539
023917547
023917555
023917563
023917571
023917580
023917598
023917601
023917610
023917628
023917636
023917644
023917652
023917661
023917679
023917687
023917695
023917709
023917717
023917725
023917733
023917741
023917750
023917768
023917776
023917784
023917792
023917806
023917814
023917822
023917831
023917849
023917857
023917865
023917873
023917881
023917890
023917903
023917911
023917920
023917938
023917946
023917954
023917962
023917971
023917989
023917997
023918004
023918012
023918021
023918039
023918047
023918055
023918063
023918071
023918080
023918098
023918225
023918233
023918276
023918284
023918292
023918306
023918454
023918462
023918471
023918489
023918497
023918501
023918519
023918527
023918535
023918543
023918551
023918683
023920521
023920530
023920548
023920556
023922494
023922931
023922940
023922958
023922966
023922974
023922982
023922991
023923008
023923016
023923024
023923032
023923041
023923059
023923067
023923075
023923083
023923091
023923105
023923113
023923121
023923130
023923148
023923156
023923164
023923172
023923181
023923199
023923202
023923211
023923229
023923237
023923245
023923253
023923261
023923270
023923288
023923296
023923300
023923318
023923326
023923334
023923342
023923351
023923369
023923377
023923385
023923393
023923407
023923415
023923423
023923431
023923440
023923458
023923466
023923474
023923482
023923491
023923504
023923512
023923521
023923539
023923547
023923555
023923563
023923571
023923580
023923598
023923601
023923610
023923628
023923636
023923644
023923652
023923661
023923679
023923687
023923695
023923709
023923717
023923725
023923733
023923741
023923750
023923768
023923776
023923784
023923792
023923806
023923814
023923822
023923831
023923849
023923857
023923865
023923873
023923881
023923890
023923903
023923911
023923920
023923938
023923946
023923954
023923962
023923971
023923989
023923997
023924004
023924012
023924021
023924039
023924047
023924055
023924063
023924071
023924080
023924098
023924101
023924110
023924128
023924136
023924144
023924152
023924161
023924179
023924187
023924195
023924209
023924217
023924225
023924233
023924241
023924250
023924268
023924276
023924284
023924292
023924306
023924314
023924322
023924331
023924349
023924357
023924365
023924373
023924381
023924390
023924403
023924411
023924420
023924438
023924446
023924454
023924462
023924471
023924489
023924497
023924501
023924519
023924527
023924535
023924543
023924551
023924560
023924578
023924586
023924594
023924608
023924616
023924624
023924632
023924641
023924659
023924667
023924675
023924683
023924691
023924705
023924713
023924721
023924730
023924748
023924756
023924764
023924772
023924781
023924799
023924802
023924811
023924829
023924837
023924845
023924853
023924861
023924870
023924888
023924896
023924900
023924918
023924926
023924934
023924942
023924951
023924969
023924977
023924985
023924993
023925001
023925019
023925027
023925035
023925043
023925051
023925060
023925078
023925086
023925094
023925108
023925116
023925124
023925132
023925141
023925159
023925167
023925175
023925183
023925191
023925205
023925213
023925221
023925230
023925248
023925256
023925264
023925272
023925281
023925299
023925302
023925311
023925329
023925337
023925345
023925353
023925361
023925370
023925388
023925396
023925400
023925418
023925426
023925434
023925442
023925451
023925469
023925477
023925485
023925493
023925507
023925515
023925523
023925531
023925540
023925558
023925566
023925574
023925582
023925591
023925604
023925612
023925621
023925639
023925647
023925655
023925663
023925671
023925680
023925698
023925701
023925710
023925728
023925736
023925744
023925752
023925761
023925779
023925787
023925795
023925809
023925817
023925825
023925833
023925841
023925850
023925868
023925876
023925884
023925892
023925906
023925914
023925922
023925931
023925949
023925957
023925965
023925973
023925981
023925990
023926007
023926015
023926023
023926031
023926040
023931299
023931311
023931329
023931337
023931345
023931353
023931361
023931370
023931388
023931396
023931400
023931418
023931426
023931434
023931442
023931451
023931469
023931477
023931485
023931493
023931507
023931515
023931523
023931531
023931540
023931558
023931574
023931582
023931591
023931604
023931612
023931621
023931639
023931647
023931655
023931663
023932457
023932465
023932678
023932694
023932848
023932856
023933755
023933763
023933771
023933780
023933798
023933801
023933810
023933828
023933836
023933844
023933852
023933861
023933879
023933887
023933895
023933909
023933917
023933925
023933933
023933941
023933950
023933968
023933976
023933984
023933992
023934000
023934018
023934026
023934034
023934042
023934051
023934069
023934077
023934085
023934093
023934107
023934115
023934123
023934131
023934140
023934158
023934166
023934174
023934182
023934191
023934204
023934212
023934221
023934239
023934247
023934255
023934263
023934271
023934280
023934298
023934301
023934310
023934328
023934336
023934344
023934352
023934361
023934379
023934387
023934395
023934409
023934417
023934425
023934433
023934441
023934450
023934468
023934476
023934484
023934492
023934506
023934514
023934522
023934531
023934549
023934557
023934565
023934573
023934581
023934590
023934603
023934611
023934620
023934638
023934646
023934654
023934662
023934671
023934689
023934697
023934701
023934719
023934727
023934735
023934743
023934751
023934760
023934778
023934786
023934794
023934808
023934816
023934824
023934832
023934841
023934859
023934867
023934875
023934883
023934891
023934905
023934913
023934921
023934930
023934948
023934956
023934964
023934972
023934981
023934999
023935006
023935014
023935022
023935031
023935049
023935057
023935065
023935073
023935081
023935090
023935103
023935111
023935120
023935138
023935146
023935154
023935162
023935171
023935189
023935197
023935201
023935219
023935227
023935235
023935243
023935251
023935260
023935278
023935286
023935294
023935308
023935316
023935324
023935332
023935341
023935359
023935367
023935375
023935383
023935391
023935405
023935413
023935421
023935430
023935448
023935456
023935464
023935472
023935481
023935499
023935502
023935511
023935529
023935537
023935545
023935553
023935561
023935570
023935588
023935596
023935600
023935618
023935626
023935634
023935642
023935651
023935669
023935677
023935685
023935693
023935707
023935715
023935723
023935731
023935740
023935758
023935766
023935774
023935782
023935791
023935804
023935812
023935821
023935839
023935847
023935855
023935863
023935871
023935880
023935898
023935901
023935910
023935928
023935936
023935944
023935952
023935961
023935979
023935987
023935995
023936002
023936011
023936029
023936037
023936045
023936053
023936061
023936070
023936088
023936096
023936100
023936118
023936126
023936134
023936142
023936151
023936169
023936177
023936185
023936193
023936207
023936215
023936223
023936231
023936240
023936258
023936266
023936274
023936282
023936291
023936304
023936312
023936321
023936339
023936347
023936355
023936363
023936371
023936380
023936398
023936401
023936410
023936428
023936436
023936444
023936452
023936461
023936479
023936487
023936495
023936509
023936517
023936525
023936533
023936541
023936550
023936568
023936576
023936584
023936592
023936606
023936614
023936622
023936631
023936649
023936657
023936665
023936673
023936681
023936690
023936703
023936711
023936720
023936738
023936746
023936754
023936762
023936771
023936789
023936797
023936801
023936819
023936827
023936835
023936843
023936851
023936860
023936878
023936886
023936894
023936908
023936916
023936924
023936932
023936941
023936959
023936967
023936975
023936983
023936991
023937009
023937017
023937025
023937033
023937041
023937050
023937068
023937076
023937084
023937092
023937106
023937114
023937122
023937131
023937149
023937157
023937165
023937173
023937181
023937190
023937203
023937211
023937220
023937238
023937246
023937254
023937262
023937271
023937289
023937297
023937301
023937319
023937327
023937335
023937343
023937351
023937360
023937378
023937386
023937394
023937408
023937416
023937424
023937432
023937441
023937459
023937467
023937475
023937483
023937491
023937505
023937513
023937521
023937530
023937548
023937556
023937564
023937572
023937581
023937599
023937602
023937611
023937629
023937637
023937645
023937653
023937661
023937670
023937688
023937696
023937700
023937718
023937726
023937734
023937742
023937751
023937769
023937777
023937785
023937793
023937807
023937815
023937823
023937831
023937840
023937858
023937866
023937874
023937882
023937891
023937904
023937912
023937921
023937939
023937947
023937955
023937963
023937971
023937980
023937998
023938005
023938013
023938021
023938030
023938048
023938056
023938064
023938072
023938081
023938099
023938102
023938111
023938129
023938137
023938145
023938153
023938161
023938170
023938188
023938196
023938200
023938218
023938226
023938234
023938242
023938251
023938269
023938277
023938285
023938293
023938307
023938315
023938323
023938331
023938340
023938358
023938366
023938374
023938382
023938391
023938404
023938412
023938421
023938439
023938447
023938455
023938463
023938471
023938480
023938498
023938501
023938510
023938528
023938536
023938544
023938552
023938561
023938579
023938587
023938595
023938609
023938617
023938625
023938633
023938641
023938650
023938668
023938676
023938684
023938692
023938706
023938714
023938722
023938731
023938749
023938757
023938765
023938773
023938781
023938790
023938803
023938811
023938820
023938838
023938846
023938854
023938862
023938871
023938889
023938897
023938901
023938919
023938927
023938935
023938943
023938951
023938960
023938978
023938986
023938994
023939001
023939010
023939028
023939036
023939044
023939052
023939061
023939079
023939087
023939095
023941251
023941260
023941278
023941286
023943661
023946717
023947098
023947110
023947136
023947152
023947187
023948400
023948663
023948680
023948698
023948701
023948710
023948728
023948736
023948744
023948752
023948761
023948779
023948787
023948795
023948809
023948817
023948825
023948833
023948841
023948850
023948868
023948876
023948884
023948892
023948906
023948914
023948922
023948931
023948949
023948957
023948965
023948973
023948981
023948990
023949007
023949015
023949023
023949031
023949040
023949058
023949066
023949074
023949082
023949091
023949104
023949112
023949121
023949139
023949147
023949155
023949163
023949171
023949180
023949198
023949201
023949210
023949228
023949236
023949244
023949252
023949261
023949279
023949287
023949295
023949309
023949317
023949325
023949708
023949716
023949724
023949732
023949741
023949759
023949767
023949775
023949783
023949791
023949805
023949813
023949821
023949830
023949848
023949856
023949864
023949872
023949881
023949899
023949902
023951702
023951711
023954485
023955449
023955457
023955511
023955520
023955538
023955562
023955571
023957450
023957468
023957476
023957484
023957492
023957506
023957514
023957522
023957531
023957549
023957557
023957565
023957573
023957581
023957590
023957603
023957611
023957620
023957638
023957646
023957654
023957662
023957671
023957689
023957697
023957701
023957719
023957727
023957735
023957743
023957751
023957760
023957778
023957786
023957794
023957859
023957867
023960230
023961163
023963123
023965428
023966211
023966238
023966491
023967277
023968125
023968371
023969211
023969229
023969334
023969342
023970189
023970197
023970227
023970260
023970545
023970553
023970561
023970570
023970588
023970596
023970600
023970618
023970626
023970634
023970642
023970651
023970669
023970677
023970685
023970693
023970707
023970715
023970723
023970731
023970740
023970758
023970766
023970774
023970782
023970791
023970804
023970812
023970821
023970839
023970847
023970855
023970863
023970871
023970880
023970898
023970901
023970910
023970928
023970936
023970944
023970952
023970961
023970979
023970987
023970995
023971002
023971011
023971029
023971037
023971045
023971053
023971061
023971070
023971088
023971096
023971100
023971118
023971126
023971134
023973811
023974028
023974036
023975245
023976195
023976527
023976535
023976543
023976551
023976560
023976578
023976586
023976594
023976608
023976616
023976624
023976659
023977302
023977311
023978368
023978376
023978546
023978554
023978562
023978571
023979003
023979011
023979020
023979062
023980877
023980885
023980915
023981091
023981148
023981164
023981199
023981202
023981245
023981253
023981261
023981270
023981288
023981296
023981300
023981318
023981326
023981334
023981342
023981351
023981369
023981377
023981385
023981393
023981407
023981415
023981423
023981431
023981440
023981458
023981466
023981474
023981482
023981491
023981504
023981512
023981521
023981539
023981547
023981563
023981571
023981709
023981717
023981725
023981733
023981741
023981750
023981768
023981776
023981784
023981849
023981989
023981997
023982560
023983736
023983744
023983752
023983761
023983779
023983787
023983795
023983809
023983817
023983825
023983833
023983841
023983850
023983868
023983876
023983884
023983892
023983906
023983914
023983922
023983931
023983949
023983957
023983965
023983973
023983981
023983990
023984007
023984015
023984023
023984031
023984040
023984058
023984066
023984074
023984082
023984091
023984104
023984112
023984121
023984139
023984147
023984155
023984163
023984171
023984180
023984198
023984201
023984210
023984228
023984236
023984244
023984252
023984261
023984279
023984287
023984295
023984309
023984317
023984325
023984333
023984341
023984350
023984368
023984376
023984384
023984392
023984406
023984414
023984422
023984431
023984449
023984457
023984465
023984473
023984481
023984490
023984503
023984511
023984520
023985101
023985119
023985127
023985135
023985143
023985151
023985160
023985178
023985186
023985194
023985208
023985216
023985224
023985232
023985241
023985259
023985267
023985275
023985283
023985291
023985305
023985313
023985321
023985330
023985348
023985356
023985364
023985372
023985381
023985399
023985402
023985411
023985429
023985437
023985445
023985453
023985461
023985470
023985496
023985500
023985518
023985526
023985534
023985542
023985551
023985569
023985577
023985585
023985593
023985607
023985615
023985623
023985631
023985640
023985658
023985666
023985674
023985682
023985691
023985704
023985712
023985721
023985739
023985747
023985755
023985763
023985771
023985780
023985798
023985801
023985810
023985828
023985836
023985844
023985852
023985861
023985879
023985887
023985895
023985909
023985917
023985925
023985933
023985941
023985950
023985968
023985976
023985984
023985992
023986000
023986018
023986026
023986034
023986042
023986051
023986069
023986077
023986085
023986093
023986107
023986115
023986123
023986131
023987154
023988436
023988452
023988461
023988479
023989505
023989530
023990031
023990040
023990058
023990066
023990074
023990082
023990091
023991437
023991445
023991453
023991461
023991470
023991488
023991496
023991500
023991518
023991526
023991534
023991542
023991551
023991569
023991577
023991585
023991593
023991607
023991615
023991623
023991631
023991640
023991658
023991666
023991674
023991682
023991691
023991704
023991712
023991721
023991739
023991747
023991755
023991763
023991771
023991780
023991798
023991801
023991810
023991828
023991836
023991844
023991852
023991861
023991879
023991887
023991895
023991909
023991917
023991925
023991933
023991941
023991950
023991968
023991976
023991984
023991992
023992000
023992018
023992026
023992034
023992042
023992051
023992069
023992077
023992085
023992093
023992107
023992115
023992123
023992131
023992140
023992158
023992166
023992174
023992182
023992191
023992204
023992212
023992221
023992239
023992247
023992255
023992263
023993651
023993791
023993804
023993821
023993839
023993847
023993855
023993863
023993871
023993880
023993901
023993910
023994371
023994380
023994495
023994509
023994517
023994525
023994533
023994541
023994550
023994568
023994576
023994584
023994592
023994606
023994614
023994622
023994631
023994649
023994657
023994665
023994673
023994681
023994690
023994703
023994711
023994720
023994738
023994746
023994754
023994762
023994771
023994789
023994797
023994801
023994819
023994827
023994835
023994843
023994851
023994860
023994878
023994886
023994894
023994908
023994916
023994924
023994932
023994941
023994959
023994967
023994975
023994983
023994991
023995009
023995017
023995025
023995033
023995041
023995050
023995068
023995076
023995084
023995092
023995106
023995114
023995122
023995131
023995149
023995157
023995165
023995327
023995335
023995343
023995351
023995360
023995378
023996331
023996421
023996439
023996447
023997702
023997711
023998041
024002542
024003182
024009407
024009822
024009831
024009849
024009857
024009865
024009873
024009881
024009890
024009903
024009911
024009920
024009938
024009946
024009954
024009962
024009971
024009989
024009997
024010006
024010014
024010022
024010031
024010049
024010057
024010065
024010073
024010081
024010090
024010103
024010111
024010120
024010138
024010146
024010154
024010162
024010171
024010189
024010197
024010201
024010219
024010227
024010235
024010243
024010251
024010260
024010278
024010286
024010294
024010308
024010316
024010324
024010332
024010341
024010359
024010367
024010375
024010383
024010391
024010405
024010413
024010421
024010430
024010448
024010456
024010464
024010472
024010481
024010499
024010502
024010511
024010537
024010545
024010553
024010561
024010570
024010588
024010596
024010600
024010618
024010626
024010634
024010642
024010651
024010669
024010677
024010685
024010693
024010707
024010715
024010723
024010731
024010740
024010758
024010766
024010774
024010782
024010791
024010804
024010812
024010821
024010839
024010847
024010855
024010863
024010871
024010880
024011355
024011576
024011690
024011801
024011835
024011908
024011916
024011924
024012165
024012173
024013315
024013323
024013331
024013439
024013447
024015164
024015172
024015181
024016403
024019542
024019569
024022039
024024287
024024295
024024708
024029319
024029530
024029548
024029556
024029564
024029572
024029581
024029599
024029602
024029611
024029629
024029637
024029645
024029653
024029661
024029670
024029688
024029696
024029700
024029718
024029726
024029734
024029742
024029751
024029769
024029777
024029785
024029793
024029807
024029815
024029823
024029831
024029840
024029858
024029866
024029874
024029882
024029891
024029904
024029912
024029921
024029939
024029947
024029955
024029963
024029971
024029980
024029998
024030007
024030015
024030023
024030031
024030040
024030058
024030066
024030074
024030082
024030091
024030104
024030112
024030121
024030139
024030147
024030155
024030163
024030171
024030180
024030198
024030201
024030210
024030228
024030236
024030244
024030252
024030261
024030279
024030287
024030295
024030309
024030317
024030325
024030333
024030341
024030350
024030368
024030376
024030384
024030392
024030406
024030414
024030422
024030431
024030449
024030457
024030465
024030473
024030481
024030490
024030503
024030511
024030520
024030538
024030546
024030554
024030562
024030571
024030589
024030597
024030601
024030619
024030627
024030635
024030643
024030651
024030660
024030678
024030686
024030694
024030708
024030716
024030724
024030732
024030741
024030759
024030767
024030775
024030783
024030791
024030805
024030813
024030821
024030830
024030848
024030856
024030864
024030872
024030881
024030899
024030902
024030911
024030929
024030937
024030945
024030953
024030961
024030970
024030988
024030996
024031003
024031011
024031020
024031038
024031046
024031054
024031062
024031071
024031089
024031097
024031101
024031119
024031127
024031135
024031143
024031151
024031160
024031178
024031186
024031194
024031208
024031216
024031224
024031232
024031241
024031259
024031267
024031275
024031283
024031291
024031305
024031313
024031321
024031330
024031348
024031356
024031364
024031372
024031381
024031399
024031402
024031411
024031429
024031437
024031445
024031453
024031461
024031470
024031488
024031496
024031500
024031518
024031526
024031534
024031542
024031551
024031569
024031577
024031585
024031593
024031607
024031615
024031623
024031631
024031640
024031658
024031666
024031674
024031682
024031691
024031704
024031712
024031721
024031739
024031747
024031755
024031763
024031771
024031780
024031798
024031801
024031810
024031828
024031836
024031844
024031852
024031861
024031879
024031887
024031895
024031909
024031917
024031925
024031933
024031941
024031950
024031968
024031976
024031984
024031992
024032000
024032018
024032026
024032034
024032042
024032051
024032069
024032077
024032085
024032093
024032107
024032115
024032123
024032131
024032140
024032158
024032166
024032174
024032182
024032191
024032204
024032212
024032221
024032239
024032247
024032255
024032263
024032271
024032280
024032298
024032301
024032310
024032328
024032336
024032344
024032352
024032361
024032379
024032387
024032395
024032409
024032417
024032425
024032433
024032441
024032450
024032468
024032476
024032484
024032492
024032506
024032514
024032522
024032531
024032549
024032557
024032565
024032573
024032581
024032590
024032603
024032611
024032620
024032638
024032646
024032654
024032662
024032671
024032689
024032697
024032701
024032719
024032727
024032735
024032743
024032751
024032760
024032778
024032786
024032794
024032808
024032816
024032824
024032832
024032841
024032859
024032867
024032875
024032883
024032891
024032905
024032913
024032921
024032930
024032948
024032956
024032964
024032972
024032981
024032999
024033006
024033014
024033022
024033031
024033049
024033057
024033065
024033073
024033081
024033090
024033103
024033111
024033120
024033138
024033146
024033154
024033162
024033171
024033189
024033197
024033201
024033219
024033227
024033235
024033243
024033251
024033260
024033278
024033286
024033294
024033308
024033316
024033324
024033332
024033341
024033359
024033367
024033375
024033383
024033391
024033405
024033413
024033421
024033430
024033448
024033456
024033464
024033472
024033481
024033499
024033502
024033511
024033529
024033537
024033545
024033553
024033561
024033570
024033588
024033596
024033600
024033618
024033626
024033634
024033642
024033651
024033669
024033677
024033685
024033693
024033707
024033715
024033723
024033731
024033740
024033758
024033766
024033774
024033782
024033791
024033804
024033812
024033821
024033839
024033847
024033855
024033863
024033871
024033880
024033898
024033901
024033910
024033928
024033936
024033944
024033952
024033961
024033979
024033987
024033995
024034002
024034011
024034029
024034037
024034045
024034053
024034061
024034070
024034088
024034096
024034100
024034118
024034126
024034134
024034142
024034151
024034169
024034177
024034185
024034193
024034207
024034215
024034223
024034231
024034240
024034258
024034266
024034274
024034282
024034291
024034304
024034312
024034321
024034339
024034347
024034355
024034363
024034371
024034380
024034398
024034401
024034410
024034428
024034436
024034444
024034452
024036315
024036609
024036625
024036781
024036790
024036803
024036811
024036820
024036838
024036846
024036854
024036862
024036871
024036889
024036897
024036901
024036919
024036927
024036935
024036943
024036951
024036960
024036978
024036986
024036994
024037001
024037010
024037028
024037036
024037044
024037052
024037061
024037079
024037087
024037095
024037109
024037117
024037125
024037133
024037141
024037150
024037168
024037176
024037184
024037192
024037206
024037214
024037222
024037231
024037249
024037257
024037265
024037273
024037281
024037290
024037303
024037311
024037320
024037338
024037346
024037354
024037371
024037389
024037397
024037401
024037419
024037427
024037435
024037443
024037451
024037460
024037478
024037486
024037494
024037508
024037516
024037524
024037532
024037541
024037559
024037567
024037575
024037583
024037591
024037605
024037613
024037621
024037630
024037648
024037656
024037664
024037672
024037681
024037699
024037702
024037711
024037729
024037737
024037745
024037753
024037761
024037770
024037788
024037796
024037800
024037818
024037826
024037834
024037842
024037851
024037869
024037877
024037885
024037893
024037907
024037915
024037923
024037931
024037940
024037958
024037966
024037974
024037982
024037991
024038008
024038016
024038024
024038032
024038041
024038059
024038067
024038075
024038083
024038091
024038105
024038113
024038121
024038130
024038148
024038156
024038164
024038172
024038181
024038199
024038202
024038211
024038229
024038237
024038245
024038253
024038261
024038270
024038288
024038296
024038300
024038318
024038326
024038334
024038342
024038351
024038369
024038377
024038385
024038393
024038407
024038415
024038423
024038431
024038440
024038458
024038466
024038474
024038482
024038491
024038504
024038512
024038521
024038539
024038547
024038555
024038563
024038571
024038580
024038598
024038601
024038610
024038628
024038636
024038644
024038652
024038661
024038679
024038687
024038695
024038709
024038717
024038725
024038733
024038741
024038750
024038768
024038776
024038784
024038792
024038806
024039489
024039497
024040142
024040924
024040932
024041220
024041238
024041246
024041254
024043451
024044644
024044652
024045098
024045101
024045110
024045128
024045136
024045144
024045152
024045161
024045179
024045187
024045195
024045209
024045217
024045225
024045233
024045241
024045250
024045268
024045276
024045284
024045292
024045306
024045314
024045322
024045331
024045349
024045357
024045365
024045373
024045381
024045390
024045403
024045411
024045420
024045438
024045446
024046728
024051055
024056103
024059145
024061468
024061476
024061484
024062421
024062464
024069205
024070378
024072443
024073237
024073245
024073253
024073261
024073270
024073288
024073822
024073971
024075817
024075825
024075833
024075841
024075850
024075868
024075876
024075884
024075892
024075906
024075914
024075922
024075931
024075949
024075957
024075965
024075973
024075981
024076228
024076236
024076244
024077020
024077038
024077046
024077054
024077062
024077071
024077097
024077101
024077119
024077127
024077135
024077143
024077151
024077160
024077178
024077186
024077194
024077208
024077216
024077224
024077232
024077241
024077259
024077267
024077275
024077283
024077291
024077313
024078506
024078646
024078654
024078662
024078671
024078689
024078697
024078701
024078719
024078727
024078735
024078743
024078751
024078760
024078778
024078786
024078794
024078808
024078816
024078832
024078841
024078859
024078867
024078875
024078883
024078891
024078905
024078913
024078921
024078930
024078948
024078956
024078964
024078972
024078981
024078999
024079006
024079014
024079022
024079031
024079049
024079057
024079065
024079073
024079081
024079090
024079103
024079111
024079120
024079138
024079146
024079154
024079162
024079171
024079189
024079197
024079201
024079219
024079227
024079235
024079243
024079251
024079260
024079278
024079286
024080802
024080951
024080969
024082074
024085723
024090239
024090859
024090883
024090891
024090905
024090913
024090921
024090930
024090948
024090956
024090964
024090972
024090981
024090999
024091006
024091014
024091022
024091031
024091049
024091057
024091065
024091073
024091081
024091090
024091103
024091111
024091120
024091138
024091146
024091154
024091162
024091171
024091189
024091197
024091201
024091219
024091227
024091235
024091243
024091251
024091260
024091278
024091286
024091294
024091308
024091316
024091324
024091332
024091341
024091359
024091367
024091375
024091383
024091391
024091405
024091413
024091421
024091430
024091448
024091456
024091464
024091472
024091481
024091499
024091600
024091626
024092312
024092321
024093432
024093441
024093459
024093467
024093475
024093483
024093491
024093505
024093513
024093521
024093530
024093548
024093556
024093564
024093572
024093581
024093599
024093602
024093611
024093629
024093637
024093645
024093653
024093661
024093670
024093688
024093696
024093700
024093718
024093726
024093734
024093742
024095621
024095923
024095931
024096776
024096792
024096806
024096814
024096822
024096831
024096849
024096857
024096873
024096881
024096890
024096903
024096911
024096920
024096938
024096946
024096954
024096962
024096971
024096989
024096997
024097004
024097012
024097021
024097039
024097047
024097055
024097063
024097071
024097080
024099422
024100218
024100226
024100234
024100242
024100251
024100269
024100277
024100285
024100293
024100307
024100315
024100323
024100331
024100340
024100358
024100366
024100374
024100382
024100391
024100404
024100412
024100421
024100439
024100447
024100455
024100463
024100471
024100480
024100498
024100501
024100510
024100528
024100536
024100544
024100552
024100561
024100579
024100587
024100595
024100609
024100617
024100625
024100633
024100641
024100650
024100668
024100676
024100684
024100692
024100706
024100714
024100722
024100731
024100749
024100757
024100765
024100773
024100781
024100790
024100803
024100811
024100820
024100838
024100846
024100854
024100862
024100871
024100889
024100897
024100901
024100919
024100927
024100935
024100943
024100951
024100960
024100978
024100986
024100994
024101001
024101010
024101028
024101036
024101044
024101052
024101061
024101079
024101087
024101095
024101109
024101117
024101125
024101133
024101141
024101150
024101168
024101176
024101184
024101192
024107085
024107867
024108561
024108642
024108651
024108669
024109215
024109223
024109231
024109240
024109258
024109266
024109274
024109282
024109291
024109304
024109312
024109321
024109339
024109347
024109355
024109363
024109371
024109380
024109398
024111694
024112054
024112151
024112160
024112534
024112542
024112551
024112569
024112577
024112801
024112810
024113239
024114545
024114651
024114821
024114936
024115011
024115037
024115223
024121622
024121754
024121762
024124117
024124133
024124141
024124150
024124168
024124176
024124184
024124192
024124206
024124214
024124222
024124231
024124249
024124257
024124265
024124273
024124281
024124290
024124303
024124311
024124320
024124338
024124346
024124354
024124362
024124371
024124389
024124397
024124401
024124672
024125458
024125466
024125474
024125482
024125491
024125504
024125512
024125521
024125539
024125547
024125555
024125563
024125571
024125580
024125598
024125601
024125610
024125628
024125636
024125644
024125652
024125661
024125679
024125687
024125695
024125709
024125717
024125725
024125733
024125741
024125750
024125768
024125776
024125784
024125792
024125806
024125814
024125822
024125831
024125849
024125857
024125873
024125881
024125890
024125903
024125911
024125920
024125938
024125946
024125954
024125962
024125971
024125989
024125997
024126004
024126012
024126021
024126039
024126047
024126055
024126063
024126071
024126080
024126098
024126101
024126110
024126128
024126136
024126144
024126152
024126161
024126179
024126187
024126195
024126209
024126217
024126225
024126233
024126241
024126250
024126268
024126276
024126284
024126292
024126306
024126314
024126322
024126331
024126349
024126357
024126365
024126373
024126381
024126390
024126403
024126411
024126420
024126438
024126446
024126454
024126471
024126489
024126497
024126501
024126519
024126527
024126535
024126543
024126551
024126560
024126578
024126586
024126594
024126608
024126616
024126624
024126632
024126691
024126705
024128147
024129011
024129186
024129194
024129208
024129216
024129224
024129232
024129241
024129259
024129267
024129275
024129283
024129291
024129305
024129313
024129321
024129330
024129348
024129356
024129364
024129372
024129381
024129551
024129569
024129577
024129585
024131105
024131121
024131130
024132772
024132781
024132799
024132802
024132811
024132829
024132837
024132845
024132853
024132861
024132870
024132888
024132896
024132900
024132918
024132926
024132934
024132942
024132951
024132969
024132977
024132985
024132993
024133001
024133019
024133027
024133035
024133043
024133183
024133191
024133205
024133213
024133230
024133248
024133256
024133264
024133272
024133281
024133299
024133302
024133311
024133329
024133337
024133345
024133639
024133647
024133655
024133663
024133671
024133680
024133698
024133701
024133710
024133728
024133736
024133744
024133752
024133761
024133779
024133787
024133795
024133809
024133817
024133825
024133833
024133841
024133850
024133868
024133876
024133884
024133892
024133906
024133914
024133922
024133931
024133949
024134066
024134082
024134091
024134104
024134112
024140058
024141259
024141348
024141356
024141364
024141381
024141399
024141402
024141429
024141437
024141445
024141453
024141461
024141470
024142298
024142301
024143138
024147796
024147800
024147826
024147885
024147931
024147940
024147958
024148482
024148491
024148555
024150428
024151530
024159247
024159255
024159263
024159271
024159280
024159301
024159310
024159328
024159336
024159344
024159352
024159361
024159379
024159387
024159395
024159409
024159417
024159425
024159433
024159441
024159450
024159468
024159476
024159484
024159492
024159506
024159514
024159522
024159531
024159549
024159557
024159565
024159573
024159581
024159590
024159603
024159611
024159620
024159638
024159646
024159654
024159662
024159671
024159689
024159697
024159701
024159719
024159727
024159735
024159743
024159751
024159760
024159778
024159786
024159794
024159808
024159816
024159824
024159832
024159841
024159859
024159867
024159875
024159883
024159891
024159905
024159913
024159921
024159930
024159948
024159956
024159964
024159972
024159981
024159999
024160008
024160016
024160024
024160032
024160041
024160059
024160067
024160075
024160083
024160091
024160105
024160113
024160121
024160130
024160148
024160156
024160172
024160181
024160199
024160202
024160211
024160229
024160237
024160245
024160253
024160261
024160270
024160288
024160296
024160300
024160318
024160326
024160334
024160342
024160351
024160369
024160377
024160385
024160393
024160407
024160415
024160423
024160431
024160440
024160458
024160466
024160474
024160482
024160491
024160504
024160512
024160521
024160539
024160547
024160555
024160563
024160571
024160580
024160598
024160601
024161071
024161888
024161896
024161900
024162345
024162353
024162361
024162370
024162388
024162396
024162400
024162418
024162426
024162434
024162442
024162451
024164216
024164224
024164232
024164241
024164259
024164267
024164275
024164283
024164291
024164305
024164313
024164321
024165131
024165140
024165158
024165166
024165174
024165182
024165191
024165204
024165212
024165221
024165239
024165247
024165255
024165263
024165271
024165280
024165298
024165301
024165310
024165328
024165336
024165344
024165352
024165361
024165379
024165387
024165395
024165409
024165425
024165433
024165441
024165450
024165468
024165476
024165484
024165824
024165832
024165859
024171531
024171549
024171557
024172090
024172138
024175650
024175781
024177555
024177563
024177571
024177580
024177598
024177601
024177610
024177628
024177636
024177644
024177652
024177661
024177679
024177687
024177695
024177709
024177717
024177725
024177733
024177741
024177750
024177768
024177776
024177784
024177792
024177806
024177814
024177822
024177831
024177849
024177857
024177865
024177873
024178403
024178411
024178420
024178438
024178446
024178454
024178462
024178471
024178489
024178497
024178501
024178519
024178527
024178535
024178543
024178551
024178560
024178578
024178586
024178594
024178608
024178616
024178624
024178632
024178641
024178659
024178667
024178675
024178683
024178691
024178705
024178713
024178721
024178730
024178748
024178756
024178764
024178772
024178781
024178799
024178802
024178811
024178829
024178837
024178845
024178853
024178861
024178870
024178888
024178896
024178900
024178918
024178926
024178934
024178942
024178951
024178969
024178977
024178985
024178993
024179001
024179019
024179027
024179035
024179043
024179051
024179060
024179078
024179086
024179094
024179108
024179116
024179124
024179132
024179141
024179159
024179167
024179175
024179183
024179191
024179205
024179213
024179221
024179230
024179248
024179256
024179264
024179272
024179281
024179299
024179302
024179311
024179329
024179337
024179345
024179353
024179361
024179370
024179388
024179396
024179400
024179418
024179426
024179434
024179442
024179451
024179469
024179477
024179485
024179493
024179507
024179515
024180271
024180289
024180297
024180301
024180319
024180327
024180335
024180343
024180351
024180360
024180378
024180386
024180394
024180408
024180416
024180424
024180432
024180441
024180459
024180467
024180475
024180483
024180491
024180505
024180513
024180521
024180530
024180548
024180556
024180564
024180572
024180581
024180599
024180602
024180611
024180629
024180637
024180645
024180653
024180661
024180670
024180688
024180696
024180700
024180718
024180726
024180734
024180742
024180751
024180769
024180777
024180785
024180793
024180807
024180815
024180823
024180831
024180840
024180858
024180866
024180874
024180882
024180891
024180904
024180912
024180921
024180939
024180947
024180955
024180963
024180971
024180980
024180998
024181005
024181013
024181021
024181030
024181048
024181056
024181064
024181072
024181081
024181099
024181102
024181111
024181129
024181137
024181145
024181153
024181226
024181234
024181242
024181391
024183024
024183032
024183041
024183059
024183067
024183075
024183083
024183091
024183105
024183113
024183121
024183130
024183148
024183156
024183164
024183172
024183181
024183199
024183202
024183211
024183229
024183237
024183245
024183253
024183261
024183270
024183288
024183296
024183300
024183318
024183326
024183334
024183342
024183351
024183369
024183377
024183385
024183393
024183407
024183415
024183423
024183431
024183440
024183458
024183466
024183474
024183482
024183491
024183504
024183512
024183521
024183539
024183547
024183555
024183563
024183571
024183580
024183598
024183601
024183610
024183628
024183636
024183644
024183652
024183661
024183679
024183687
024183695
024183709
024183717
024183725
024183733
024183741
024183750
024183768
024183776
024183784
024183792
024183806
024183814
024183822
024183831
024183849
024183857
024183873
024183881
024183890
024183903
024183911
024183920
024183938
024183946
024183954
024183962
024183971
024183989
024183997
024184004
024184012
024184021
024184870
024184896
024184900
024184918
024186341
024186350
024186520
024186732
024186856
024186864
024187411
024187500
024187518
024187526
024187534
024187542
024187551
024187569
024187577
024187585
024187593
024187607
024187615
024187623
024187631
024187640
024187658
024187666
024187674
024187682
024187691
024188212
024188867
024188913
024189600
024189707
024189715
024189723
024189731
024189740
024189758
024189766
024189774
024189782
024189791
024189804
024189812
024189821
024189839
024189847
024189855
024189863
024189871
024189880
024189898
024189901
024189910
024189928
024189936
024189944
024189952
024189961
024189979
024189987
024189995
024190004
024190012
024190021
024190039
024190047
024190055
024190063
024190071
024190080
024190098
024190101
024190110
024190128
024190136
024190144
024190152
024190161
024190179
024190314
024190322
024190331
024190705
024190713
024190721
024190730
024190748
024190756
024190764
024190772
024190781
024190799
024190802
024190811
024190829
024190837
024190845
024190853
024190861
024190870
024190888
024190896
024190900
024190918
024190926
024190934
024190942
024190951
024190969
024190977
024190985
024190993
024191001
024191019
024191027
024191035
024191043
024191051
024194000
024194018
024194611
024194760
024194786
024194981
024195146
024195154
024195910
024195928
024195952
024195961
024195979
024195987
024196037
024196045
024196053
024196061
024196070
024196088
024196096
024196100
024196118
024196126
024196134
024196142
024196151
024196169
024196177
024196185
024196193
024196207
024196215
024196223
024196231
024196240
024196258
024196266
024196274
024196282
024196291
024196304
024196312
024196321
024196339
024196347
024196355
024196363
024196371
024196380
024196398
024196401
024196410
024196428
024196436
024196444
024196452
024196461
024196479
024196487
024196495
024196509
024196517
024196525
024196533
024196541
024196550
024196568
024196576
024196584
024196592
024196606
024196614
024196622
024196631
024196649
024196657
024196665
024196673
024196681
024196690
024196703
024196711
024196720
024196738
024196746
024196754
024196762
024196771
024196789
024196797
024196801
024196819
024196827
024196835
024196843
024196851
024196860
024196878
024196886
024196894
024196908
024196916
024196924
024196932
024196941
024196959
024196967
024196975
024196983
024196991
024197009
024197017
024197025
024197033
024197041
024197050
024197068
024197076
024197084
024197092
024197106
024197114
024197122
024197131
024197149
024197157
024197165
024197173
024197181
024197190
024197203
024197211
024197220
024197238
024197246
024197254
024197262
024197271
024197289
024197297
024197301
024197319
024197327
024197335
024197343
024197351
024197360
024197378
024197386
024197394
024197408
024197416
024197424
024197432
024197441
024197459
024197467
024197475
024197483
024197491
024197505
024197513
024197521
024197530
024197548
024197556
024197564
024197572
024197581
024197599
024197602
024197611
024197629
024197637
024197645
024197653
024197661
024197670
024197688
024197696
024197700
024197718
024197726
024197734
024197742
024197751
024197769
024197777
024197785
024197793
024197807
024197815
024197823
024197831
024197840
024197858
024197866
024197874
024197882
024197891
024197904
024197912
024197921
024198048
024198633
024200115
024200158
024200204
024200247
024200476
024200760
024200778
024200816
024200832
024200859
024200875
024200883
024201049
024201057
024201065
024201073
024201081
024201090
024201103
024201111
024201120
024201138
024201146
024201154
024201162
024201171
024201189
024201197
024201201
024201219
024201227
024201235
024201243
024201251
024201812
024202291
024202304
024202312
024202321
024202339
024202347
024202355
024202363
024202371
024202380
024202452
024202487
024202525
024202754
024202762
024202771
024202789
024203581
024204200
024204218
024204226
024204234
024204242
024204269
024204285
024204293
024204307
024204315
024204323
024204331
024204340
024204358
024204366
024204374
024204382
024204391
024204404
024204421
024204439
024204447
024204455
024204463
024204471
024204480
024204498
024204501
024204510
024204528
024204536
024204544
024205826
024206300
024206784
024206792
024206806
024206814
024206822
024206831
024206849
024206857
024206865
024206873
024206881
024206890
024206903
024206911
024206920
024206938
024206946
024206954
024206962
024206971
024206989
024206997
024207004
024207012
024207021
024207039
024207047
024207055
024207063
024207071
024207080
024207098
024207101
024207110
024207128
024207136
024207144
024207152
024207161
024207179
024207187
024207195
024207209
024207217
024207225
024207233
024207241
024207250
024207268
024207276
024207284
024207292
024207306
024208086
024209597
024209937
024209945
024209953
024210633
024210757
024210935
024210986
024210994
024211001
024211010
024211559
024212229
024212237
024212369
024212377
024212385
024212393
024212407
024212415
024212423
024212431
024212440
024212458
024212466
024212474
024212482
024212491
024212504
024212512
024212521
024212539
024212547
024212555
024212563
024212571
024212580
024212598
024212601
024212610
024212628
024212636
024212644
024212652
024212661
024212679
024212687
024212695
024212709
024212717
024212725
024212733
024212741
024212750
024212768
024212776
024212784
024212792
024212806
024212814
024212822
024212831
024212849
024212857
024212865
024212873
024212881
024212890
024212903
024212911
024212920
024212938
024212946
024212954
024212962
024212971
024212989
024212997
024213004
024213012
024213021
024213039
024213047
024213055
024213063
024213071
024213080
024213098
024213101
024213110
024213128
024213136
024213144
024213152
024213161
024213179
024213187
024213195
024213209
024213217
024213225
024213233
024213241
024213250
024213268
024213276
024213292
024213306
024213314
024213322
024213331
024213349
024213357
024213365
024213373
024213381
024213390
024213403
024213411
024213420
024213438
024213446
024213454
024213462
024213471
024213489
024213497
024213501
024213519
024213527
024213535
024213543
024213551
024213560
024213578
024213586
024213594
024213608
024213616
024213624
024213632
024213641
024213659
024213667
024213675
024213683
024213691
024213705
024213713
024213721
024213730
024213748
024213756
024213764
024213772
024213781
024213799
024213802
024213811
024213829
024213837
024213845
024213853
024213861
024213870
024213888
024214761
024214922
024220914
024220981
024220990
024221007
024221015
024221023
024221031
024221040
024221058
024221066
024221074
024221082
024221091
024221104
024221112
024221121
024221139
024221147
024221155
024221163
024221171
024221180
024221198
024221201
024221210
024221228
024221236
024221244
024221252
024221261
024221279
024221287
024221295
024221309
024221317
024221325
024221333
024221341
024221350
024221368
024221376
024221384
024221392
024221406
024221414
024221422
024221431
024221449
024221457
024221465
024221473
024221481
024221490
024221503
024221511
024221520
024221538
024221546
024221554
024221562
024221571
024221589
024221597
024221601
024221619
024221627
024221635
024221643
024221651
024221660
024221678
024221686
024221694
024221708
024221716
024221724
024221732
024221741
024221759
024221767
024221775
024221783
024221791
024221805
024221813
024221821
024221830
024221848
024221856
024221864
024221872
024221881
024221899
024221902
024221911
024221929
024221937
024221945
024221953
024221961
024221970
024221988
024221996
024222003
024222011
024222020
024222038
024222046
024222054
024222062
024222071
024222089
024222097
024222101
024222119
024222127
024222135
024222143
024222151
024222160
024222178
024222186
024222194
024222208
024222216
024222224
024222232
024222241
024222259
024222267
024222275
024222283
024222291
024222305
024222313
024222321
024222330
024222348
024222356
024222364
024222372
024222381
024222399
024222402
024222411
024222429
024222437
024222445
024222453
024222461
024222470
024222488
024222496
024222500
024222518
024222526
024222534
024222542
024222551
024222569
024222577
024222585
024222593
024222607
024222615
024222623
024222631
024222640
024222658
024222666
024222674
024222682
024222691
024222704
024222712
024222721
024222739
024222747
024222755
024222763
024222771
024222780
024222798
024222801
024222810
024222828
024222836
024222844
024222852
024222861
024222887
024222895
024222909
024222917
024222925
024222933
024222941
024222950
024222968
024222976
024222984
024222992
024223000
024223018
024223026
024223034
024223042
024223051
024223069
024223077
024223085
024223093
024223107
024223115
024223123
024223131
024223140
024223158
024223166
024223174
024223182
024223191
024223204
024223212
024223221
024223239
024223255
024223263
024223271
024223280
024223298
024223301
024223310
024223328
024223336
024223344
024223352
024223361
024223379
024223387
024223395
024223409
024223417
024223425
024223433
024223441
024223450
024226009
024226025
024226033
024226041
024226050
024226068
024226076
024226084
024226092
024226106
024226114
024226122
024226131
024226149
024226157
024226165
024226173
024226181
024226190
024226203
024226211
024226220
024226238
024226246
024226254
024226262
024226271
024226289
024226297
024226301
024226319
024226327
024226335
024226343
024226351
024226360
024226378
024226386
024226394
024226408
024226416
024226424
024226432
024226441
024226459
024226467
024227129
024227340
024227358
024227366
024227374
024227382
024227391
024227404
024227412
024227421
024227439
024227447
024227455
024227463
024230961
024232050
024232068
024232076
024232084
024232700
024232718
024232726
024233200
024233510
024233579
024233587
024233595
024233609
024233617
024233625
024233633
024233641
024233650
024233668
024233676
024233684
024233692
024233706
024233714
024233722
024233731
024233749
024233757
024233765
024233773
024233781
024233790
024233803
024233811
024233820
024233838
024233846
024233854
024233862
024233871
024233889
024233897
024233901
024233919
024233927
024233935
024233943
024233951
024233960
024233978
024233986
024233994
024234001
024234010
024234028
024234036
024234044
024234052
024234061
024234079
024234087
024234095
024234109
024234117
024234125
024234133
024234141
024234150
024234168
024234176
024234184
024234192
024234206
024234214
024234222
024234231
024234249
024234257
024234265
024234273
024234281
024234290
024234303
024234311
024234320
024234338
024234346
024234354
024234362
024234371
024234389
024234397
024234401
024234419
024234427
024234435
024234443
024234451
024234460
024234478
024234486
024234494
024234508
024234516
024234524
024234532
024234541
024234559
024234567
024234575
024234583
024234591
024234605
024234613
024234621
024234630
024234648
024234656
024234664
024234672
024234681
024234699
024234702
024234711
024234729
024234737
024234745
024234753
024234761
024234770
024234788
024234796
024234800
024234818
024234826
024234834
024234842
024234851
024234869
024234877
024234885
024234893
024234907
024234915
024234923
024234931
024234940
024234958
024234966
024234974
024234982
024234991
024235008
024235016
024235024
024235032
024235041
024235059
024235067
024235075
024235083
024235091
024235105
024235113
024235121
024235130
024235148
024235156
024235164
024235172
024235181
024235199
024235202
024235211
024235229
024235237
024235245
024235253
024235261
024235270
024235288
024235296
024235300
024235318
024235326
024235334
024235342
024235351
024235369
024235377
024235385
024235393
024235407
024235415
024235423
024235431
024235440
024235458
024235466
024235474
024235482
024235491
024235504
024235512
024236403
024236411
024236420
024236438
024236446
024236454
024236462
024236845
024237345
024237353
024237361
024237370
024237388
024237396
024237400
024237418
024237426
024237434
024237442
024237451
024237469
024237477
024237485
024237493
024237507
024237515
024237523
024237531
024237540
024237558
024237566
024237574
024237582
024237591
024237604
024237612
024237621
024237639
024237647
024237655
024237663
024237671
024237680
024237698
024237701
024237710
024237728
024237736
024237744
024237752
024237761
024237779
024237787
024237795
024237809
024237817
024237825
024237833
024237841
024237850
024237868
024237876
024237884
024237892
024237906
024237914
024237922
024237931
024237949
024237957
024239895
024239950
024239968
024239976
024239984
024239992
024240001
024240010
024240028
024240036
024240044
024240052
024240061
024240079
024240087
024240095
024240109
024240117
024240125
024240133
024240141
024240150
024240168
024240176
024240184
024240192
024240206
024240214
024240222
024240231
024240249
024240257
024240265
024240273
024240281
024240290
024240303
024240311
024240320
024240338
024240346
024240354
024240362
024240371
024240389
024240397
024240401
024240419
024240427
024240435
024240443
024240451
024240460
024240478
024240486
024240494
024240508
024240516
024240524
024240532
024240541
024240559
024240567
024240575
024240583
024240591
024240605
024240613
024240621
024240630
024240648
024240656
024240664
024240672
024240681
024240699
024240702
024240711
024240729
024240737
024240745
024240753
024240761
024240770
024240788
024240796
024240800
024240818
024240826
024240834
024240842
024240851
024240869
024240877
024240885
024240893
024240907
024240915
024240923
024240931
024240940
024240958
024240966
024240974
024240982
024240991
024241008
024241016
024241024
024241032
024241041
024241059
024241067
024241075
024241083
024241091
024241105
024241113
024241121
024244830
024244848
024244856
024244864
024244872
024244881
024244899
024244902
024244911
024244929
024244937
024244945
024244953
024244961
024244970
024244988
024244996
024245003
024245011
024245020
024245038
024245046
024245054
024245062
024245071
024245089
024245097
024245101
024245119
024245127
024245135
024245143
024245151
024245160
024245178
024245186
024245194
024245208
024245216
024245224
024245232
024245241
024245259
024245267
024245275
024245283
024245291
024245305
024245313
024245321
024245330
024245348
024245356
024245364
024245372
024245381
024245399
024245402
024245411
024245429
024245437
024245445
024245453
024245461
024245470
024245488
024245496
024245500
024245518
024245526
024245534
024245542
024245551
024245569
024245577
024245585
024245593
024245607
024245615
024245623
024245631
024245640
024247022
024247031
024247553
024247561
024247570
024247774
024249254
024249262
024250449
024250473
024250481
024250490
024250503
024250511
024250520
024250538
024250546
024250554
024250562
024250571
024250589
024250597
024250601
024250619
024250627
024250635
024250643
024250651
024250660
024250678
024250686
024250694
024250708
024250716
024250724
024250732
024250741
024250759
024250767
024250775
024250783
024250791
024250805
024250813
024250821
024250830
024250848
024250856
024250864
024250872
024250881
024250899
024250902
024250911
024250929
024250937
024250945
024250953
024250961
024250970
024250988
024250996
024251003
024251011
024251020
024251038
024251046
024251054
024251062
024251071
024251089
024251097
024251101
024251119
024251330
024251364
024251372
024251399
024252123
024252387
024252395
024252417
024252433
024252522
024252646
024252689
024252697
024255211
024255220
024258334
024258369
024260665
024260746
024260789
024260819
024260878
024260886
024260894
024260908
024260916
024261017
024261025
024261041
024261131
024263150
024263168
024263176
024263184
024263192
024263206
024263214
024263222
024263231
024263249
024263257
024263265
024263273
024263281
024263290
024263303
024263311
024263320
024263338
024263346
024263354
024263362
024263371
024263389
024263397
024263401
024263419
024263427
024263435
024263443
024263451
024263460
024263478
024263486
024263494
024263508
024263516
024263524
024263532
024263541
024263559
024263567
024263575
024263583
024263591
024263605
024263613
024263621
024263630
024263648
024263656
024263664
024263672
024263681
024263699
024263702
024263711
024263729
024263737
024263745
024263753
024263761
024263770
024263788
024263796
024263800
024263818
024263826
024263834
024263842
024263851
024263869
024263877
024263885
024263893
024263907
024263915
024263923
024263931
024263940
024263958
024263966
024263974
024263982
024263991
024264229
024264237
024264253
024264270
024265985
024265993
024266001
024266019
024266027
024266035
024266043
024266051
024266060
024266078
024266086
024266094
024266108
024266116
024266124
024266132
024266141
024266159
024266167
024266175
024266183
024266191
024266205
024266213
024266221
024266230
024266248
024266256
024266264
024266272
024266281
024266299
024266302
024266311
024266329
024266337
024266345
024266353
024266361
024266370
024266388
024266841
024266850
024266868
024267007
024267023
024267031
024267040
024267058
024267066
024267074
024267082
024267091
024268321
024269107
024269158
024269166
024269174
024269182
024269204
024269212
024269336
024269344
024269352
024269361
024269379
024269387
024269395
024269409
024269417
024269425
024269433
024269441
024269450
024269468
024269476
024269484
024269492
024269506
024269514
024269522
024269531
024269549
024269557
024269565
024269573
024269581
024269590
024269603
024269611
024269620
024269638
024269646
024269654
024269662
024269671
024269689
024269697
024269701
024269719
024269727
024269735
024269743
024269751
024269760
024269778
024269786
024269794
024269808
024269816
024269824
024269832
024269841
024269859
024269867
024269875
024269883
024269891
024269905
024269913
024269921
024269930
024269948
024269956
024271551
024271560
024271578
024271586
024271594
024271896
024271918
024271926
024271934
024271942
024271951
024271969
024271977
024271985
024271993
024272001
024272019
024272027
024272035
024272043
024272051
024272060
024272078
024272086
024272094
024272108
024272116
024272124
024272132
024272141
024272159
024272167
024272175
024272183
024272191
024272205
024272451
024272469
024272477
024272485
024272507
024272515
024272523
024272531
024272540
024272558
024272566
024272574
024272582
024272591
024272604
024272612
024272621
024272639
024272647
024272655
024272663
024272671
024272680
024272698
024272701
024273180
024275182
024275191
024275204
024275212
024275221
024275239
024275247
024275255
024275263
024275271
024275280
024275298
024275301
024275310
024275328
024275336
024275344
024275352
024275361
024275379
024275387
024275395
024275409
024275417
024275425
024275433
024275441
024275450
024275468
024275476
024275484
024275492
024275506
024275514
024275522
024275531
024275549
024275557
024275565
024275573
024275581
024275590
024275603
024275611
024275620
024275638
024275646
024275654
024275662
024275671
024275689
024275697
024275701
024275719
024275727
024275735
024275743
024275751
024275760
024276499
024283339
024283533
024283541
024283550
024283568
024283576
024283584
024283592
024283606
024283614
024283622
024283631
024283649
024283657
024283665
024283673
024283681
024283690
024283703
024283711
024283720
024283738
024283746
024283754
024283762
024283771
024283789
024283797
024283801
024283819
024283827
024283835
024283843
024283851
024283860
024283878
024283886
024283894
024283908
024283916
024283924
024283932
024283941
024283959
024283967
024283975
024283983
024283991
024284009
024284017
024284025
024284033
024284041
024284050
024284068
024284076
024284084
024284092
024284106
024284114
024284122
024284131
024284149
024284157
024284165
024284173
024284181
024284190
024284203
024284211
024284220
024284238
024284246
024284254
024284432
024284467
024284475
024284483
024284491
024284505
024284513
024284521
024284530
024284548
024284556
024284564
024284572
024284581
024284599
024284602
024284611
024284629
024284637
024284645
024284653
024284661
024284670
024284688
024284696
024284700
024284718
024284726
024284734
024284742
024284751
024284769
024284777
024284785
024284793
024284807
024284815
024284823
024284831
024284840
024284858
024284866
024284874
024284882
024284891
024284904
024284912
024284921
024284939
024284947
024284955
024284963
024284971
024284980
024284998
024285005
024285013
024285021
024285030
024285048
024285056
024285064
024285072
024285081
024285099
024285790
024285838
024286681
024286702
024286770
024286800
024287237
024287245
024288501
024288519
024288535
024288543
024288551
024288560
024288578
024288586
024288594
024288608
024288616
024288624
024288632
024291510
024291552
024293725
024296791
024299391
024299405
024299413
024299421
024299430
024299448
024299456
024299464
024299472
024299481
024299499
024299502
024299511
024299529
024299537
024299545
024299553
024299561
024299570
024299588
024299596
024299600
024299618
024299626
024299634
024299642
024299651
024300471
024300489
024300497
024300942
024300951
024300969
024300977
024303178
024303330
024303348
024304786
024304794
024304808
024304816
024304824
024304832
024304841
024304859
024304867
024304875
024304883
024304891
024304905
024304913
024304921
024304930
024304948
024304956
024304964
024304972
024304981
024304999
024305006
024305014
024305022
024305031
024305049
024305057
024305065
024305073
024305081
024305090
024305103
024305111
024305120
024305138
024305146
024305154
024305162
024305171
024305189
024305197
024305201
024305219
024305227
024305235
024305243
024305251
024305260
024305278
024305286
024305294
024305308
024305316
024305324
024305332
024305341
024305359
024305367
024305375
024305383
024305391
024305405
024305413
024305421
024305430
024305448
024305456
024305464
024305472
024305481
024305499
024305502
024305511
024305529
024305537
024305545
024305553
024305561
024305570
024305588
024305596
024305600
024305618
024305626
024305634
024305642
024305651
024305669
024305677
024305685
024305693
024305707
024305715
024305723
024305731
024306002
024306321
024307173
024314358
024314366
024314374
024314382
024314391
024314404
024314412
024314421
024314439
024314447
024314455
024314463
024314471
024314480
024314498
024314501
024314510
024314528
024314536
024314544
024314552
024314561
024314579
024314587
024314595
024314609
024314617
024314625
024314633
024314641
024314650
024314668
024314676
024314684
024314692
024314706
024314714
024314722
024314731
024314749
024314757
024314765
024314773
024314781
024314790
024314803
024314811
024314820
024314838
024314846
024314854
024314862
024314871
024314889
024314897
024314901
024314919
024314927
024314935
024314943
024314951
024314960
024314978
024314986
024314994
024315001
024315010
024315028
024315036
024315044
024315052
024315061
024315079
024315087
024315095
024315109
024315117
024315125
024315133
024315141
024315150
024315168
024315176
024315184
024315192
024315206
024315214
024315222
024315231
024315249
024315257
024315265
024315273
024315281
024315290
024315303
024315311
024315320
024315338
024315346
024315354
024315362
024315371
024315389
024315397
024315401
024315419
024315427
024315435
024315443
024315451
024315460
024315478
024315486
024315494
024315508
024315516
024315524
024315532
024315541
024315559
024315567
024315575
024315583
024315591
024315605
024315613
024315621
024315630
024315648
024315656
024315664
024315672
024315681
024315699
024315702
024315711
024315729
024315737
024315745
024315753
024315761
024315770
024315788
024315796
024315800
024315818
024315826
024315834
024315842
024315851
024315869
024315877
024315885
024315893
024315907
024315915
024315923
024315931
024315940
024315958
024315966
024315974
024315982
024315991
024316008
024316016
024316024
024316032
024316041
024316059
024316067
024316075
024316083
024316091
024316105
024316113
024316121
024316130
024316148
024316156
024316164
024316172
024316181
024316199
024316202
024316211
024316229
024316237
024316245
024316253
024316261
024316270
024316288
024316296
024316300
024316318
024316326
024316334
024316342
024316351
024316369
024316377
024316385
024316393
024316407
024316415
024316423
024316431
024316440
024316458
024316466
024316474
024316482
024316504
024316512
024316521
024316539
024316547
024316555
024316563
024316571
024316580
024316598
024316601
024316610
024316628
024316636
024316644
024316652
024316661
024316679
024316687
024316695
024316709
024316717
024316725
024316733
024316741
024316750
024316768
024316776
024316784
024316792
024316806
024317365
024317373
024321087
024327123
024327131
024327140
024327158
024327166
024327174
024327182
024327191
024327204
024327212
024327221
024327239
024327247
024327255
024327263
024327271
024327280
024327298
024327301
024327310
024327328
024327336
024327344
024327352
024327361
024328367
024328731
024328740
024328758
024328766
024328774
024328782
024328821
024328839
024328847
024328855
024328863
024328871
024328880
024328898
024328901
024329550
024329568
024330825
024331571
024331589
024331597
024331601
024331619
024331627
024331635
024331643
024331651
024333387
024335860
024335878
024335886
024335894
024335908
024335916
024335924
024335932
024335941
024335959
024335967
024335975
024338869
024338915
024338923
024341746
024341762
024341894
024342068
024342092
024342106
024342114
024342122
024342131
024342149
024342157
024342165
024342173
024342190
024342203
024342220
024342246
024342254
024342262
024342271
024342289
024342297
024342301
024342319
024342327
024342335
024342343
024342386
024342408
024342785
024342807
024342815
024342823
024342831
024342840
024342858
024342866
024342874
024342882
024342891
024342904
024342912
024342921
024342939
024342947
024342955
024342963
024342971
024342980
024342998
024343005
024343013
024343021
024343030
024343048
024343056
024343064
024343072
024343081
024343099
024343102
024343111
024343129
024343137
024343145
024343153
024343633
024343641
024346462
024346829
024347167
024347574
024347582
024347591
024347604
024347612
024347621
024347639
024347647
024347655
024347663
024347671
024347680
024347698
024347701
024347710
024347728
024347736
024347744
024347752
024347761
024347779
024347787
024347795
024347809
024347817
024347825
024347841
024347850
024347868
024347876
024347884
024347892
024347906
024347914
024347922
024347931
024347949
024347957
024347965
024347973
024347981
024347990
024348007
024348015
024348023
024348031
024348040
024348058
024348066
024348074
024348082
024348091
024348104
024348112
024348121
024348139
024348147
024348155
024348163
024348171
024348180
024348198
024348201
024348210
024348228
024348236
024348244
024348252
024348261
024348279
024348287
024348295
024348309
024348317
024348325
024348333
024348341
024348350
024353281
024353302
024353329
024356697
024356735
024356859
024356867
024356964
024357961
024358061
024358070
024358088
024358096
024358100
024358118
024358126
024358134
024358142
024358754
024358771
024361755
024361780
024362697
024362701
024362719
024362727
024362824
024362832
024362841
024362921
024362930
024362948
024362956
024362964
024362972
024362981
024362999
024363006
024363014
024363022
024363031
024363049
024363057
024363065
024363073
024363081
024363090
024363103
024363111
024363120
024363138
024363146
024363154
024363162
024363171
024363189
024363197
024363201
024363219
024363227
024363235
024363243
024364266
024364274
024364282
024364291
024364738
024366536
024366544
024366552
024366561
024366579
024366587
024366595
024367842
024370282
024371742
024371751
024371769
024371777
024371785
024371793
024374199
024374202
024375896
024377210
024377228
024377236
024377244
024377252
024378135
024378283
024378399
024378402
024378941
024379034
024379603
024379611
024379620
024381594
024381616
024381624
024381632
024381641
024381691
024381705
024381713
024381721
024381730
024381748
024381756
024381764
024381772
024381781
024381799
024381802
024381811
024381870
024382582
024382591
024382691
024382779
024383694
024384364
024384372
024384437
024384488
024384496
024384828
024384861
024384976
024384984
024386308
024386464
024386511
024386529
024395617
024396338
024396346
024397407
024397423
024403211
024403261
024403270
024403288
024403296
024403300
024403318
024403326
024403334
024403342
024403351
024403369
024403377
024403385
024403393
024403407
024403415
024403423
024403431
024403440
024403466
024403474
024403482
024403491
024403504
024403512
024403521
024403539
024403547
024403555
024403563
024403571
024403580
024403598
024403601
024403610
024403628
024403636
024403644
024403652
024403679
024403687
024403695
024403709
024403717
024403725
024403733
024403741
024403750
024403768
024403776
024403784
024403792
024403806
024403814
024403822
024403831
024403849
024403857
024403865
024403873
024403881
024403890
024403903
024403911
024403920
024403938
024403946
024403954
024403962
024403971
024403989
024403997
024404004
024404012
024404021
024404039
024404047
024404055
024404063
024404071
024404080
024404098
024404101
024404110
024404128
024404136
024404152
024404161
024404179
024404187
024404195
024404209
024404217
024404225
024404233
024404241
024404250
024404268
024404276
024404284
024404292
024404306
024404314
024404322
024404331
024404349
024404357
024404365
024404373
024404381
024404390
024404403
024404411
024404420
024404438
024404446
024404454
024404462
024404471
024404489
024404497
024404501
024404519
024404527
024404535
024404543
024404551
024404560
024404578
024404586
024404594
024404608
024404616
024404624
024404632
024404641
024404659
024404667
024404675
024404683
024404705
024404713
024404721
024404730
024404748
024404756
024404764
024404772
024404781
024404799
024404802
024404811
024404829
024404837
024404845
024404853
024404861
024404870
024404888
024404900
024404918
024404934
024404942
024404951
024412392
024412422
024412431
024412597
024412902
024412929
024412937
024412945
024412953
024412961
024412970
024412988
024412996
024413003
024413011
024413020
024413038
024413046
024413054
024413062
024413615
024419991
024424102
024424111
024424129
024424137
024424145
024424153
024424161
024424170
024424188
024424196
024424200
024424218
024424226
024424234
024424242
024424251
024424269
024424277
024424285
024424293
024424307
024424315
024424323
024424331
024424340
024424358
024424366
024424374
024427900
024427918
024427926
024427934
024427942
024427951
024427969
024427977
024427985
024427993
024428001
024428019
024428027
024428035
024428043
024428051
024428060
024428078
024428086
024428094
024428108
024428116
024428124
024428132
024428141
024428159
024428167
024428175
024428183
024428191
024428205
024428213
024428221
024428230
024428248
024428256
024428264
024428272
024428281
024428299
024428302
024428311
024428329
024428337
024428345
024428353
024428361
024428370
024428388
024428396
024428400
024428418
024428426
024428434
024428442
024428451
024428469
024428477
024428485
024428493
024428507
024428515
024428523
024428531
024428540
024428558
024428566
024428574
024428582
024428591
024428604
024428612
024428621
024428639
024428647
024428655
024428663
024428671
024428680
024428698
024428701
024428710
024428728
024428736
024428744
024428752
024428761
024428779
024428787
024428795
024428809
024428817
024428825
024428833
024428841
024428850
024428868
024428876
024428884
024428892
024428906
024428914
024428922
024428931
024428949
024428957
024428965
024428973
024428981
024428990
024429007
024429015
024429023
024429031
024429040
024429058
024429066
024429074
024429082
024429091
024429104
024429112
024429121
024429139
024429147
024429155
024429163
024429171
024429180
024429198
024429201
024429210
024429228
024429236
024429244
024429252
024429261
024429279
024429287
024429295
024429309
024429317
024429325
024429333
024429341
024429350
024429368
024429376
024429384
024429392
024429406
024429414
024429422
024429431
024429449
024429457
024429465
024429473
024429481
024429490
024429503
024429511
024429520
024429538
024429546
024429554
024429562
024429571
024429589
024429597
024429601
024429619
024429627
024429635
024429643
024429651
024429660
024429678
024429686
024431907
024434108
024434515
024434523
024434531
024434540
024434558
024434566
024440418
024445088
024445487
024446360
024446378
024450987
024451801
024451819
024451827
024451835
024451843
024451851
024451860
024451878
024451886
024451894
024451908
024451916
024451924
024451932
024451941
024451959
024451967
024451975
024451983
024451991
024452009
024452017
024452025
024452033
024452041
024452050
024452068
024452076
024452084
024452092
024452106
024452114
024452122
024452131
024452149
024452157
024452165
024452173
024452181
024452190
024452203
024452211
024452220
024452238
024452246
024452254
024452262
024453935
024453951
024453978
024453986
024453994
024454001
024454010
024454028
024454036
024454044
024454052
024454061
024454079
024454087
024454095
024454109
024454117
024454125
024454133
024454141
024454150
024454621
024454877
024454915
024455091
024455415
024455776
024455784
024455792
024455806
024455814
024455822
024455831
024455849
024455857
024455865
024455873
024455881
024455890
024455903
024455911
024455920
024455938
024455946
024455954
024455962
024455971
024455989
024455997
024456004
024456012
024456021
024456039
024456047
024456055
024456063
024456071
024456080
024456098
024456101
024456110
024456128
024456136
024456144
024457086
024457264
024457353
024457361
024459909
024460010
024460036
024460044
024460052
024460061
024460079
024460087
024460095
024460109
024460117
024460125
024460133
024466786
024466794
024466808
024466824
024466841
024466867
024466875
024466883
024466891
024468282
024468304
024468312
024468622
024468631
024468657
024468665
024468673
024468681
024468690
024468703
024468711
024468720
024468738
024468746
024468754
024468762
024468771
024468789
024469106
024469211
024470449
024470457
024470465
024470473
024470481
024470490
024470503
024470511
024470520
024470538
024470546
024470554
024470562
024470571
024470589
024470597
024470601
024470619
024470627
024470635
024470643
024470651
024470660
024470678
024470686
024470694
024470708
024470716
024470724
024470732
024470741
024470759
024470767
024470775
024470783
024470791
024470805
024470813
024470821
024470830
024470848
024470856
024470864
024470872
024470881
024470899
024470902
024470911
024470929
024470937
024470945
024470953
024470961
024470970
024470988
024470996
024471003
024471011
024471020
024471038
024471046
024471054
024471062
024471071
024471089
024471097
024471101
024471119
024471127
024471135
024471143
024471151
024471160
024471178
024471186
024471194
024471208
024471216
024471224
024471232
024471241
024471259
024471267
024471275
024471283
024471291
024471305
024471313
024471321
024471330
024471348
024471356
024471364
024471372
024471381
024471399
024471402
024471411
024471429
024471437
024471445
024471453
024471461
024471470
024471488
024471496
024471500
024471518
024471526
024471534
024471542
024471551
024471569
024471577
024471585
024471593
024471607
024471615
024471623
024471631
024471640
024471658
024471666
024471674
024471682
024471691
024471704
024471712
024471721
024471739
024471747
024471755
024471763
024471771
024471780
024471798
024471801
024471810
024471828
024471836
024471844
024471852
024471861
024471879
024471887
024471895
024471909
024471917
024471925
024471933
024471941
024471950
024471968
024471976
024471984
024471992
024472000
024472018
024472026
024472034
024472042
024472051
024472069
024472077
024472085
024472093
024472107
024472115
024472123
024472131
024472140
024472158
024472166
024472174
024472182
024472191
024472204
024472212
024472221
024472239
024472247
024472255
024472263
024472271
024472280
024472298
024472301
024472310
024472328
024472336
024472344
024472352
024472361
024472379
024472387
024472395
024472409
024472417
024472425
024472433
024472441
024472450
024472468
024472476
024472484
024472492
024472506
024472514
024472522
024472531
024472549
024472557
024472565
024472573
024472581
024472590
024472603
024472611
024472620
024472638
024472646
024472654
024472662
024472671
024472689
024472697
024472701
024472719
024475432
024478172
024478857
024482188
024482196
024482200
024482218
024482625
024484270
024484296
024485331
024485373
024485381
024485390
024485403
024485411
024485420
024485438
024485446
024485454
024485462
024485471
024485497
024485501
024485519
024485527
024485535
024485543
024485551
024485560
024485578
024485586
024485594
024485608
024485616
024485624
024485632
024485641
024485659
024485667
024485675
024485683
024485691
024485705
024485713
024485721
024485730
024485748
024485756
024485764
024485772
024485781
024485799
024485802
024485811
024488852
024488861
024489247
024489255
024489263
024489271
024489280
024489298
024489301
024489310
024489328
024489336
024489344
024489352
024489361
024489379
024489387
024489395
024489409
024489417
024489425
024489433
024489441
024489450
024489468
024489476
024489484
024489492
024489506
024489514
024489531
024489549
024489557
024489565
024489573
024489581
024489590
024489603
024489611
024489620
024489638
024489646
024489654
024489662
024489671
024489689
024489697
024489719
024489727
024489735
024489743
024489751
024489760
024489778
024489786
024489794
024489808
024489816
024489824
024489832
024489841
024489859
024489867
024489875
024489883
024489891
024489905
024489913
024489921
024489930
024489948
024489956
024489964
024489972
024489981
024489999
024490008
024490016
024490024
024490032
024490041
024490059
024490067
024490075
024490083
024490091
024490105
024490113
024490121
024490130
024490148
024490156
024490164
024490172
024490181
024490199
024490202
024490211
024490229
024490237
024490245
024490253
024490261
024490270
024490288
024490296
024490300
024490318
024490326
024490334
024490342
024490351
024490369
024490377
024490385
024490393
024490407
024490415
024490423
024490431
024490440
024490458
024490466
024490474
024490482
024490491
024490504
024490512
024490521
024490539
024490547
024490555
024490563
024490571
024490580
024490598
024490601
024490610
024490628
024490636
024490644
024490652
024490661
024490679
024490687
024490695
024490709
024490717
024490725
024490733
024490741
024490750
024490768
024490776
024490784
024490792
024490806
024490814
024490822
024490831
024490849
024490857
024490865
024490873
024490881
024490890
024490903
024490911
024490920
024490938
024490946
024490954
024490962
024490971
024490989
024490997
024491004
024491012
024491021
024491039
024491047
024491055
024491063
024491071
024491080
024491098
024491101
024491110
024491128
024491136
024491144
024491152
024491161
024491179
024491187
024491195
024491209
024491217
024491225
024491233
024491241
024491250
024491268
024491276
024491284
024491292
024491306
024491314
024491322
024491331
024491349
024491357
024491365
024491373
024491381
024491390
024491403
024491411
024491420
024491438
024491446
024491454
024491462
024491471
024491489
024491497
024491501
024491519
024491527
024491535
024491543
024491551
024491560
024491578
024491586
024491594
024491608
024491616
024491624
024491632
024491641
024491659
024491667
024491675
024491683
024491691
024491705
024491713
024491721
024491730
024491748
024491756
024491764
024491772
024491781
024491799
024491802
024491811
024491829
024491837
024491845
024491853
024491861
024491870
024491888
024491896
024491900
024491918
024491926
024491934
024491942
024491951
024491969
024491977
024491985
024491993
024492001
024492019
024492027
024492035
024492043
024492337
024492345
024492353
024492361
024492370
024492388
024492396
024492400
024492418
024492426
024492434
024492442
024492451
024492469
024492477
024492485
024492493
024492507
024492515
024492523
024492531
024492540
024492558
024492566
024492574
024492582
024492591
024492604
024492612
024492621
024492639
024492647
024493813
024493821
024494259
024494275
024494305
024494313
024494321
024494330
024494348
024494691
024500933
024500941
024500950
024500968
024500976
024500984
024500992
024501000
024501018
024501026
024501034
024501042
024501051
024501069
024501077
024501085
024501093
024501107
024501115
024501123
024501131
024501140
024501158
024501166
024501174
024501182
024501191
024501204
024501212
024501221
024501239
024501247
024501255
024501263
024501271
024501280
024501298
024501301
024501310
024501328
024501336
024501344
024501352
024501361
024501379
024501387
024501395
024501409
024501417
024501425
024501433
024501441
024501450
024501468
024501476
024501484
024501492
024501506
024501867
024503126
024504271
024504505
024504530
024505323
024505625
024505633
024505919
024505927
024505935
024505943
024505951
024505960
024505978
024505986
024505994
024506001
024506010
024506028
024506036
024506044
024506052
024506061
024506371
024506389
024506397
024506401
024506419
024506427
024506435
024506443
024506451
024506460
024506478
024506486
024506494
024506508
024506516
024506524
024506532
024506541
024506559
024506567
024506575
024506583
024506591
024506605
024506613
024506621
024506630
024506648
024506656
024506664
024506672
024506681
024506699
024506702
024506711
024506729
024506737
024506745
024506753
024507342
024510441
024510459
024512079
024517828
024517968
024518018
024518093
024519031
024519375
024519791
024519812
024519821
024519839
024519847
024519855
024519863
024519871
024519880
024519898
024519901
024519910
024519928
024519936
024519944
024519952
024519961
024519979
024519987
024519995
024520004
024520012
024520021
024520039
024520047
024520055
024520063
024520071
024520080
024520098
024520101
024520110
024520128
024520136
024520144
024520152
024520161
024520179
024520187
024520195
024520209
024520217
024520225
024520233
024520241
024520250
024520268
024520276
024520284
024520292
024520306
024520314
024520322
024520331
024520349
024520357
024520365
024520373
024520381
024520390
024520403
024520411
024520420
024520438
024520446
024520454
024520462
024520471
024520489
024520497
024520501
024520519
024520527
024520535
024520543
024520551
024520560
024520578
024520586
024520594
024520608
024520616
024520624
024520632
024520641
024520659
024520667
024520675
024520683
024520691
024520705
024520713
024520721
024520730
024520748
024520756
024520764
024520772
024520781
024520799
024520802
024520811
024520829
024520837
024520845
024520853
024520861
024520870
024520888
024520896
024520900
024520918
024520926
024520934
024520942
024520951
024520969
024520977
024520985
024520993
024521001
024521019
024521027
024521035
024521043
024521051
024521060
024521078
024521086
024521094
024521108
024521116
024521124
024521132
024521141
024521159
024521167
024521175
024521183
024521191
024521205
024521213
024521221
024521230
024521248
024521256
024521264
024521272
024521281
024521299
024521302
024521311
024521329
024521337
024521345
024521353
024521361
024521370
024521388
024521396
024521400
024521418
024521426
024521434
024521442
024521451
024521469
024521477
024521485
024521493
024521507
024521515
024521523
024521531
024521540
024521558
024521566
024521574
024521582
024521591
024521604
024521612
024521621
024521639
024521647
024521655
024521663
024521671
024521680
024521698
024521701
024521710
024521728
024521736
024521744
024521752
024521761
024521779
024521787
024521795
024521809
024521817
024521825
024521833
024521841
024521850
024521868
024521876
024521884
024521892
024521906
024521914
024521922
024521931
024521949
024521957
024521965
024521973
024521981
024521990
024522007
024522015
024522023
024522031
024522040
024522058
024522066
024522074
024522082
024522091
024522104
024522112
024522121
024522139
024522147
024522155
024522163
024522171
024522180
024522198
024522201
024522210
024522228
024522236
024522244
024522252
024522261
024522279
024522287
024522295
024522309
024522317
024522325
024522333
024522341
024522350
024522368
024522376
024522384
024522392
024522406
024522414
024522422
024522431
024522449
024522457
024522465
024522473
024522481
024522490
024522503
024522511
024522520
024522538
024522546
024522554
024522562
024522571
024522589
024522597
024522601
024522619
024522627
024522635
024522643
024522651
024522660
024522678
024522686
024522694
024522708
024522716
024522724
024522732
024522741
024522759
024522767
024522775
024522783
024522791
024522805
024522813
024522821
024522830
024522848
024522856
024522864
024522872
024522881
024522899
024522902
024522911
024522929
024522937
024522945
024522953
024522961
024522970
024522988
024522996
024523003
024523011
024523020
024523038
024523046
024523054
024523062
024523071
024523089
024523097
024523101
024523119
024523127
024523135
024523143
024523151
024523160
024523178
024523186
024523194
024523208
024523216
024523224
024523232
024523241
024523259
024523267
024523275
024523283
024523291
024523305
024523313
024523321
024523330
024523348
024523356
024523364
024523372
024523381
024523399
024523402
024523411
024523429
024523437
024523445
024523453
024523461
024523470
024523488
024523496
024523500
024523518
024523526
024523534
024523542
024523551
024523569
024523577
024523585
024523593
024523607
024523615
024523623
024523631
024523640
024523658
024523666
024523674
024523682
024523691
024523704
024523712
024523721
024523739
024523747
024523755
024523763
024523771
024523780
024523798
024523801
024523810
024523828
024523836
024523844
024523852
024523861
024523879
024523887
024523895
024523909
024523917
024523925
024523933
024523941
024523950
024523968
024523976
024523984
024523992
024524000
024524018
024524026
024524034
024524042
024524051
024524069
024524077
024524085
024524093
024524107
024524115
024524123
024524131
024524140
024524158
024524166
024524174
024524182
024524191
024524204
024524212
024524221
024524239
024524247
024524255
024524263
024524271
024524280
024524298
024524301
024524310
024524328
024524336
024524344
024524352
024524361
024524379
024524387
024524395
024524409
024524417
024524425
024524433
024524441
024524450
024524468
024524476
024524484
024524492
024524506
024524514
024524522
024524531
024524549
024524557
024524565
024524573
024524581
024524590
024524760
024524786
024524794
024524808
024524816
024524824
024524832
024524841
024524859
024524867
024524875
024524883
024524891
024524905
024524913
024524921
024524930
024524948
024524956
024524964
024524972
024524981
024524999
024525006
024525014
024525022
024525031
024525049
024525057
024525065
024525073
024525081
024525090
024525103
024525111
024525120
024525138
024525146
024525154
024525162
024525171
024525189
024525197
024525201
024525219
024525227
024525235
024525243
024525251
024525260
024525278
024525286
024526762
024526789
024526797
024526801
024526819
024526827
024526835
024526843
024526851
024526860
024526878
024526886
024526894
024526908
024527718
024527726
024527734
024527742
024527751
024527769
024527777
024527785
024527793
024527807
024527815
024527823
024527831
024527840
024527858
024527866
024527874
024527882
024527891
024527904
024527912
024527921
024527939
024527947
024527955
024527963
024527971
024527980
024527998
024528005
024528013
024528021
024528030
024528048
024528056
024528064
024528072
024528081
024528099
024528102
024528111
024528129
024528137
024528145
024528153
024528161
024528170
024528188
024528196
024528200
024528218
024528226
024528234
024528242
024528251
024528269
024528277
024528285
024528293
024528307
024528315
024528323
024528331
024528340
024528358
024528366
024528374
024528382
024531391
024531405
024531413
024531421
024531430
024531448
024531456
024531464
024531472
024531481
024531499
024531502
024531511
024531529
024531537
024531545
024531553
024531561
024531570
024531588
024532924
024532932
024534013
024534021
024534030
024534048
024534056
024534064
024534072
024534081
024534099
024534102
024534111
024534129
024534137
024534145
024534153
024534161
024534170
024534188
024534196
024534200
024534218
024534226
024534234
024534242
024534251
024534269
024534277
024534285
024534293
024534307
024534315
024534323
024534331
024534340
024534358
024534366
024534889
024535605
024535699
024535788
024536229
024537535
024537543
024537551
024537560
024537578
024537641
024537667
024539309
024539317
024539325
024539333
024539341
024539350
024539368
024539376
024539384
024539392
024539406
024539414
024539422
024539431
024539449
024539457
024539465
024539473
024539481
024539490
024539503
024539511
024539520
024539538
024539546
024539554
024539562
024539571
024539589
024539597
024539601
024539619
024539627
024539635
024539643
024539651
024539660
024539678
024539686
024543098
024543152
024543292
024543306
024543314
024543322
024543331
024543349
024543357
024543365
024543373
024543381
024543390
024543403
024543411
024543420
024543438
024543446
024543454
024543462
024543471
024543489
024543497
024543501
024543519
024543527
024543535
024543543
024543551
024543560
024543578
024543586
024543594
024543608
024543616
024543624
024543632
024543641
024543659
024543667
024543675
024543683
024543691
024543705
024543713
024543721
024543730
024545937
024545945
024545953
024545970
024545996
024546011
024546046
024546054
024546062
024547450
024548731
024550205
024550213
024550663
024550671
024550680
024551309
024551333
024552372
024552381
024557200
024557218
024557251
024557277
024557412
024557439
024557447
024557455
024557463
024557471
024557480
024557498
024557501
024557510
024557528
024557536
024557544
024557552
024557561
024557579
024557587
024557595
024557609
024557617
024557625
024557633
024557641
024557650
024557668
024557676
024557684
024557692
024557706
024557714
024557722
024557731
024557749
024557757
024557765
024557773
024557781
024557790
024558851
024558869
024558877
024558885
024558893
024559547
024559555
024559563
024559571
024559580
024559598
024559601
024559610
024559628
024559636
024559644
024559652
024559661
024559679
024559687
024559695
024559709
024559717
024559725
024559733
024559741
024559750
024559768
024559776
024559784
024559792
024559806
024559814
024559822
024559831
024559849
024559857
024559865
024559873
024559881
024559890
024559903
024559911
024559920
024559938
024559946
024559954
024559962
024559971
024559989
024559997
024560006
024560014
024560022
024560031
024560243
024560251
024560260
024560278
024560286
024560294
024560308
024560316
024560324
024560332
024560341
024560359
024560367
024560375
024560383
024560391
024560405
024560413
024560421
024560430
024560448
024560456
024560464
024560472
024560481
024560499
024560502
024560511
024560529
024560537
024560545
024560553
024560561
024560570
024560588
024560596
024560600
024560618
024560626
024560634
024560642
024560651
024560669
024560677
024560685
024560693
024560707
024560766
024561037
024561045
024561061
024561096
024561100
024561118
024561126
024561134
024561142
024561151
024561193
024561207
024561223
024561231
024561240
024561258
024561266
024561321
024561517
024562271
024562351
024562378
024562386
024562394
024562408
024562416
024562602
024562611
024562629
024562734
024562742
024562751
024562769
024562777
024562963
024562971
024563242
024564044
024564052
024564061
024564079
024564087
024564095
024564109
024564117
024564125
024564133
024564141
024564150
024564168
024564176
024564184
024564192
024564206
024564214
024564222
024564231
024564249
024564257
024564265
024564273
024564281
024564290
024564303
024564311
024564320
024564338
024564346
024564354
024564362
024564371
024564389
024564397
024564401
024564419
024564427
024564435
024564443
024564451
024564460
024564478
024564486
024564494
024564508
024564516
024564524
024564532
024564541
024564559
024564567
024564575
024564583
024564591
024564605
024564613
024564621
024564630
024564648
024564656
024564664
024564672
024564681
024564699
024564702
024564877
024565245
024567213
024567230
024567281
024567299
024567302
024567329
024567337
024567345
024567353
024567361
024567370
024567388
024567396
024567400
024567418
024567426
024567434
024567442
024567451
024567523
024567531
024567744
024567761
024567779
024567787
024567795
024567868
024567876
024567884
024567892
024567906
024567914
024567922
024567931
024567949
024567957
024567965
024567973
024567981
024567990
024568007
024568015
024568023
024568031
024568040
024568058
024568066
024568074
024568082
024568091
024568104
024568112
024568121
024568139
024568147
024569305
024569330
024569348
024569500
024569844
024569852
024569861
024569879
024569887
024569895
024569909
024569917
024569925
024569933
024569941
024569950
024569968
024569976
024569984
024569992
024570001
024570010
024570028
024570036
024570044
024570052
024570061
024570079
024570087
024570095
024570109
024570117
024570125
024570133
024570141
024570150
024570168
024570176
024570184
024570192
024570206
024570214
024570222
024570231
024570249
024570257
024570265
024570818
024571792
024571806
024571814
024571822
024571831
024571849
024571857
024571865
024571873
024571881
024571890
024571903
024571911
024571920
024571938
024571946
024571954
024571962
024571971
024571989
024571997
024572004
024572012
024572021
024572039
024572047
024572055
024572063
024572071
024572080
024572098
024572101
024572110
024572128
024572136
024572144
024572152
024572161
024572179
024572187
024572195
024572209
024572217
024572225
024572233
024572241
024572250
024572268
024572276
024572284
024572292
024572306
024572314
024572322
024572331
024572349
024572357
024572365
024572373
024572381
024572390
024572403
024572411
024572420
024572446
024572454
024572462
024572471
024572489
024572497
024572501
024572519
024572527
024572535
024572543
024572551
024572560
024572578
024572586
024572594
024572608
024572616
024572624
024572632
024572641
024572659
024572667
024572675
024572683
024572691
024572705
024572713
024572721
024572730
024572748
024572756
024572764
024572772
024572781
024572799
024572802
024572811
024572829
024572837
024572845
024572853
024572861
024572870
024572888
024572896
024572900
024572918
024572926
024572934
024572942
024572951
024572969
024572977
024573132
024573353
024573388
024577952
024578258
024578291
024578304
024579220
024579254
024579661
024579793
024579815
024580317
024581828
024581844
024582280
024584231
024584258
024585181
024585602
024589306
024589349
024590886
024590894
024590908
024590932
024591025
024591254
024591262
024591271
024591289
024591297
024591301
024591319
024591327
024591335
024591343
024591351
024591360
024591378
024591386
024591394
024591408
024591416
024591424
024591432
024591441
024591459
024591467
024591475
024591955
024591963
024591971
024591980
024591998
024592005
024592013
024592021
024592030
024592048
024592862
024593800
024593818
024593826
024593834
024593842
024593851
024593869
024593877
024593885
024593893
024593907
024593915
024593923
024593931
024593940
024593958
024593966
024593974
024593982
024593991
024594008
024594016
024594024
024594032
024594041
024594059
024594067
024594075
024594083
024594091
024594105
024594113
024594121
024594130
024594148
024594156
024594164
024594172
024594181
024594199
024594202
024594211
024594229
024594237
024594245
024594253
024594261
024594270
024594288
024594296
024594300
024594318
024594326
024594334
024594342
024594351
024594369
024594377
024594385
024594393
024594407
024594415
024594423
024594431
024594440
024594458
024594466
024594474
024594482
024594491
024594504
024594512
024594521
024594539
024594547
024594555
024594563
024594571
024594580
024594598
024594601
024594610
024594628
024594636
024594644
024594652
024594661
024594679
024594687
024594695
024594709
024594717
024594725
024594733
024594741
024594750
024594768
024594776
024594784
024594792
024594806
024594814
024594822
024594831
024594849
024594857
024594865
024594873
024594881
024594890
024594903
024594911
024594920
024594938
024594946
024594954
024594962
024594971
024594989
024594997
024595004
024595012
024595021
024595039
024595047
024595055
024595063
024595071
024595080
024595098
024595101
024595110
024595128
024595136
024595144
024595152
024595161
024595179
024595187
024595195
024595209
024595217
024595225
024595233
024595241
024595250
024595268
024595276
024595284
024595292
024595306
024595314
024595322
024595331
024595349
024595357
024595365
024595373
024595381
024595390
024595403
024595411
024595420
024595438
024595446
024595454
024595462
024595471
024595489
024595497
024595501
024595519
024595527
024595535
024595543
024595551
024595560
024595578
024595586
024595594
024595608
024595616
024595624
024595632
024595641
024595659
024595667
024595675
024595683
024595691
024595705
024595713
024595721
024595730
024595748
024595756
024595764
024595772
024595781
024595799
024595802
024595811
024595829
024595837
024595845
024595853
024595861
024595870
024595888
024595896
024595900
024595918
024595926
024595934
024595942
024595951
024595969
024595977
024598810
024598852
024598992
024599018
024601110
024601136
024601144
024601152
024601161
024601365
024601381
024601578
024601641
024601667
024602191
024603813
024603830
024604119
024604127
024604135
024604143
024604151
024604160
024604178
024604186
024604194
024604208
024604216
024604224
024604232
024604241
024604259
024604267
024604275
024604283
024605484
024605492
024606669
024606685
024608947
024609862
024609871
024609889
024609897
024609901
024609919
024609927
024609935
024609943
024609951
024609960
024609978
024609986
024609994
024610003
024610011
024610020
024610038
024610046
024610054
024610062
024610071
024610089
024610097
024610101
024610119
024610127
024610135
024610143
024610151
024610160
024610178
024610186
024610194
024610208
024610216
024610224
024610232
024610241
024610259
024610267
024610275
024610283
024610291
024610305
024610313
024610321
024610330
024610348
024610356
024610364
024610372
024610381
024610399
024610402
024610411
024610429
024610437
024610445
024610453
024610461
024610470
024610488
024610496
024610500
024610518
024610526
024610534
024610542
024610551
024610569
024610577
024610585
024610593
024610607
024610615
024610623
024610631
024610640
024610658
024610666
024610674
024610682
024610691
024610704
024610712
024610721
024610739
024610747
024610755
024610763
024610771
024610780
024610798
024610801
024610810
024610828
024610836
024610844
024610852
024610861
024610879
024610887
024610895
024610909
024610917
024610925
024610933
024610941
024610950
024610968
024610976
024610984
024610992
024611000
024611018
024611026
024611034
024611042
024611051
024611069
024611077
024611085
024611093
024611107
024611115
024611123
024611131
024611140
024611158
024611166
024611174
024611182
024611191
024611204
024611212
024611221
024611239
024611247
024611255
024611263
024611271
024611280
024611298
024611301
024611310
024611328
024611336
024611344
024611352
024611361
024611379
024612570
024612596
024612600
024612618
024612626
024612634
024612669
024612677
024614181
024614190
024614211
024614220
024614238
024614246
024614254
024614262
024614271
024614858
024615455
024615471
024615480
024615498
024615501
024615510
024615528
024615536
024615544
024615552
024615561
024615579
024615587
024615595
024615609
024615617
024615625
024615633
024615641
024615650
024615668
024615676
024615684
024615692
024615706
024615714
024615722
024615731
024615749
024615757
024615765
024615773
024615781
024615790
024615803
024615811
024615820
024615838
024615846
024615854
024615862
024615871
024615889
024615897
024615901
024615919
024615927
024615943
024615951
024615960
024615978
024615986
024615994
024616001
024616010
024616028
024616036
024616044
024616052
024616061
024616079
024616087
024616095
024616109
024616117
024616125
024616133
024616141
024616150
024616168
024616176
024616184
024616192
024616206
024616214
024616222
024616231
024616249
024616257
024616265
024616273
024616281
024616290
024616303
024616311
024616320
024616338
024616346
024616354
024616362
024616371
024616389
024616397
024616401
024616419
024616427
024616435
024616443
024616451
024616460
024616478
024616486
024616494
024616508
024616516
024616524
024616532
024616541
024616559
024616567
024616575
024616583
024616591
024616605
024616613
024616621
024616630
024616648
024616656
024616664
024616672
024616681
024616699
024616702
024616711
024616729
024616737
024616745
024616753
024616761
024616770
024616788
024616796
024616800
024616818
024616826
024616834
024616842
024616851
024616869
024616877
024616885
024616893
024616907
024616915
024616923
024618357
024619353
024619361
024619523
024619621
024620335
024621072
024621498
024621579
024621587
024621854
024621862
024621871
024621889
024621897
024621901
024621919
024621927
024621935
024621943
024621951
024621960
024621978
024621986
024621994
024622001
024622010
024622028
024622036
024622044
024622052
024622061
024622079
024622087
024622095
024622109
024622117
024622125
024622133
024622141
024622150
024622168
024622176
024622184
024622192
024622206
024622214
024622222
024622231
024622249
024622257
024622265
024622273
024622281
024622290
024622303
024622311
024622320
024622338
024622346
024622354
024622362
024622371
024622389
024622397
024622401
024622419
024622427
024622435
024622443
024622451
024622460
024622478
024622486
024622494
024622508
024622516
024622524
024622532
024622541
024622559
024622567
024622575
024622583
024622591
024622605
024622613
024622621
024622630
024622648
024622656
024622664
024622672
024622681
024622699
024622702
024622711
024622729
024622737
024622745
024622753
024622761
024622770
024622788
024622796
024622800
024622818
024622826
024622834
024622842
024623326
024623628
024623881
024623903
024624136
024624187
024624357
024624365
024624411
024624462
024624586
024624594
024624608
024624616
024624624
024624632
024624641
024624659
024624667
024624675
024624683
024624691
024624705
024624713
024624721
024624730
024624748
024624756
024624764
024624772
024624781
024624799
024624802
024624811
024624829
024624837
024624845
024624853
024624861
024624870
024624888
024624896
024624900
024624918
024624926
024624934
024624942
024624951
024624969
024624977
024624985
024624993
024625001
024625019
024625027
024625035
024625043
024625051
024625060
024625078
024625086
024625094
024625108
024625116
024625124
024625132
024625141
024625159
024625167
024625175
024625183
024625191
024625205
024625213
024625221
024625230
024625248
024625256
024625264
024625272
024625281
024625299
024625302
024625311
024625329
024625337
024625345
024625353
024625361
024625370
024625388
024625396
024625400
024625418
024625426
024625434
024625442
024625451
024625469
024625477
024625485
024625493
024625507
024625515
024625523
024625531
024625540
024625558
024625566
024625574
024625582
024625591
024625604
024625612
024625621
024625639
024625647
024625655
024625663
024625671
024625680
024625698
024625701
024625710
024625728
024625736
024625744
024625752
024625761
024625779
024625787
024625795
024625809
024625817
024625825
024625833
024625841
024625850
024625868
024625876
024625884
024625892
024625906
024625914
024625922
024625931
024625949
024625957
024625965
024625973
024625981
024625990
024626007
024626015
024626023
024626031
024626040
024626058
024626066
024626074
024626082
024626091
024626104
024626112
024626121
024626139
024626147
024626155
024626163
024626171
024626180
024626198
024626201
024626210
024626228
024626236
024626244
024626252
024626261
024626279
024627887
024628654
024628662
024628671
024628689
024628697
024628701
024628727
024628735
024628743
024628816
024628841
024628859
024628867
024628875
024628905
024628913
024628921
024628930
024628948
024628956
024628964
024629537
024629545
024629553
024629600
024630284
024630292
024630306
024630314
024630322
024630331
024630349
024630357
024630365
024630373
024630381
024630390
024631167
024631175
024631183
024631191
024631205
024631213
024631221
024631230
024631248
024631256
024631272
024631281
024631728
024631744
024631761
024631779
024631787
024631795
024631809
024631817
024631825
024631833
024631841
024631850
024631868
024631876
024631884
024633666
024633844
024633895
024633909
024633917
024633925
024633933
024633941
024634263
024634280
024634328
024634336
024634565
024635171
024635316
024635359
024635375
024635383
024635391
024635405
024635413
024635421
024635430
024635448
024635456
024635464
024635472
024635481
024635499
024635502
024635511
024635529
024635537
024635545
024635553
024635561
024635570
024635588
024635596
024635600
024635618
024635626
024635634
024635642
024635651
024635669
024635677
024635685
024635693
024635871
024636134
024636282
024636304
024636312
024636321
024636339
024636347
024636355
024636363
024636371
024636843
024636851
024637084
024637157
024637661
024637696
024637700
024637718
024637726
024637734
024637742
024637751
024637769
024637777
024637785
024637793
024637807
024637815
024637823
024637831
024637840
024637858
024637866
024637874
024637882
024637891
024637904
024637912
024637921
024637939
024637947
024637955
024637963
024637971
024637980
024637998
024638005
024638013
024638021
024638030
024638048
024638056
024638064
024638072
024638081
024638099
024638102
024638111
024638129
024638137
024638145
024638153
024638161
024638170
024638188
024638196
024638200
024638218
024638226
024638234
024638242
024638251
024638269
024638277
024638285
024638293
024638307
024638315
024638323
024638331
024638340
024638358
024638366
024638374
024638382
024638391
024638404
024638412
024638421
024638439
024638447
024638455
024638463
024638471
024638480
024638498
024638501
024638510
024638528
024638536
024638544
024638552
024638561
024638579
024638587
024638595
024638609
024638617
024638625
024638633
024638641
024638650
024638668
024638676
024638684
024638692
024638706
024638714
024638722
024638731
024638749
024638757
024638765
024638773
024638781
024638790
024638803
024638811
024638820
024638838
024638846
024638854
024638862
024638871
024638889
024638897
024638901
024638919
024638927
024638935
024638943
024638951
024638960
024638978
024638986
024638994
024639001
024639010
024639028
024639036
024639044
024639052
024639061
024639079
024639087
024639095
024639109
024639117
024639125
024639133
024639141
024639150
024639168
024639176
024639184
024639192
024639206
024639214
024639222
024639231
024639249
024639257
024639265
024639273
024639281
024639290
024639303
024639311
024639320
024639338
024639346
024639354
024639362
024639371
024639389
024639397
024639401
024639419
024639427
024639435
024639443
024639451
024639460
024639478
024639486
024639494
024639508
024639516
024639524
024639532
024639541
024639559
024639567
024639575
024639583
024639591
024639605
024639613
024639621
024639630
024639648
024639656
024639664
024639672
024639681
024639699
024639702
024639711
024639729
024639737
024639745
024639753
024639761
024639770
024639788
024639796
024639800
024639818
024639826
024639834
024639842
024639851
024639869
024639877
024639885
024639893
024639907
024639915
024639923
024639931
024639940
024639958
024639966
024639974
024639982
024639991
024640000
024640018
024640026
024640034
024640042
024640051
024640069
024640077
024640085
024640093
024640107
024640115
024640123
024640131
024640140
024640158
024640166
024640174
024640182
024640191
024640204
024640212
024640221
024640239
024640247
024640255
024640263
024640271
024640280
024640298
024640301
024640310
024640328
024640336
024640344
024640352
024640361
024640379
024640387
024640395
024640409
024640417
024640425
024640433
024640441
024640450
024640468
024640476
024640484
024640492
024640506
024640514
024640522
024640531
024640549
024640557
024640565
024640573
024640581
024640590
024640603
024640611
024640620
024641359
024641367
024641375
024641383
024641391
024641405
024641413
024641421
024641430
024641448
024641456
024641464
024642941
024643599
024644064
024644072
024644137
024644153
024644161
024644170
024644188
024644200
024644218
024644226
024644242
024644251
024644269
024644277
024644293
024644307
024644315
024644323
024644331
024644358
024644366
024644374
024644382
024644391
024644412
024644421
024644439
024644447
024644455
024644463
024644471
024644480
024644498
024644501
024644510
024644528
024644544
024644552
024645036
024645044
024645052
024645061
024645079
024645087
024645095
024645109
024645311
024645664
024650013
024651389
024651401
024651419
024651427
024651435
024651443
024651451
024651460
024651478
024651486
024651494
024651508
024651516
024651524
024651532
024651541
024651567
024651575
024651591
024651931
024651940
024651958
024651966
024651974
024651982
024651991
024652008
024652016
024652024
024652032
024652041
024652059
024652067
024652075
024652083
024652091
024652105
024652113
024652121
024652130
024652148
024652156
024652164
024652172
024652181
024652199
024652202
024652211
024652229
024652237
024652245
024652253
024652270
024652288
024652296
024652539
024653942
024655741
024655767
024655775
024656461
024656470
024656488
024656496
024656658
024656739
024656747
024657590
024657671
024658014
024659941
024659967
024659975
024659983
024659991
024660001
024660019
024660027
024660035
024660043
024660051
024660060
024660078
024660086
024660094
024660108
024660116
024660124
024660132
024660141
024660159
024660167
024660175
024660183
024660191
024660205
024660213
024660221
024660230
024660248
024660256
024660264
024660272
024660281
024660299
024660302
024660311
024660329
024660337
024660345
024660353
024660361
024660370
024660388
024660396
024660400
024660418
024660426
024660434
024660442
024660451
024660469
024660477
024660485
024660493
024660507
024660515
024660523
024660531
024660540
024660558
024660566
024660574
024660582
024660591
024660604
024660612
024660621
024660639
024660647
024660655
024660663
024660671
024660680
024660698
024660701
024660710
024660728
024660736
024660744
024660752
024660761
024660779
024660787
024660795
024660809
024660817
024660825
024660833
024660841
024660850
024660868
024660876
024660884
024660892
024660906
024660914
024660922
024660931
024660949
024660957
024660965
024660973
024660981
024660990
024661007
024661015
024661023
024661031
024661040
024661058
024661066
024661074
024661082
024661091
024661104
024661112
024661121
024661139
024661147
024661155
024661163
024661171
024661180
024661198
024661201
024661210
024661228
024661236
024661244
024661252
024661261
024661279
024661287
024661295
024661309
024661317
024661325
024661333
024661341
024661350
024661368
024661376
024661384
024661392
024661406
024661414
024661422
024661431
024661449
024661457
024661465
024661473
024661481
024661490
024661503
024661511
024661520
024661538
024661546
024661554
024661562
024661571
024661589
024661597
024661601
024661619
024661627
024661635
024661643
024661651
024661660
024661678
024661686
024661694
024661708
024661716
024661724
024661732
024661741
024661759
024661767
024661775
024661783
024661791
024661805
024661813
024661821
024661830
024661848
024661856
024661864
024661872
024661881
024661899
024661902
024661911
024661929
024661937
024661945
024661953
024661961
024661970
024661988
024661996
024662003
024662011
024662020
024662038
024662046
024662348
024662496
024664812
024664821
024664847
024664855
024664863
024665053
024665088
024665096
024665100
024665118
024665126
024665134
024665142
024665151
024665169
024665177
024665185
024665193
024665207
024665215
024666777
024666785
024666793
024666807
024666815
024666823
024666831
024666840
024666858
024666866
024666874
024666882
024666891
024666904
024666912
024666921
024666939
024666947
024666955
024666963
024667561
024667579
024667587
024667595
024667609
024667617
024667625
024667633
024667641
024667650
024667668
024667676
024667684
024667692
024667706
024667714
024667722
024667731
024667749
024667757
024667765
024667773
024667781
024667790
024667803
024667811
024667820
024667838
024667846
024667854
024667862
024667871
024667889
024667897
024667901
024667919
024667927
024667935
024667943
024667951
024667960
024667978
024667986
024667994
024668001
024668010
024668028
024668036
024668044
024668052
024668061
024668079
024668087
024668095
024668109
024668117
024668125
024668133
024668141
024668150
024668168
024668176
024668184
024668192
024668206
024668214
024668222
024668231
024668249
024668257
024668265
024668273
024668281
024668290
024668303
024668311
024668320
024668338
024668346
024668354
024668362
024668371
024668389
024668397
024668401
024668419
024668427
024668435
024668443
024668451
024668460
024668478
024668486
024668494
024668508
024668516
024668524
024668532
024668541
024668559
024668567
024668575
024668583
024669039
024670545
024670774
024670782
024670791
024670804
024670812
024670821
024670839
024670847
024670855
024670863
024670871
024670880
024670898
024670901
024670910
024670928
024670936
024670944
024670952
024670961
024670979
024670987
024670995
024671002
024671011
024671029
024671037
024671045
024671053
024671061
024671070
024671088
024671096
024671100
024671118
024671126
024671134
024671142
024671151
024671169
024671177
024671185
024671193
024671207
024671215
024671223
024671231
024671240
024671258
024671266
024671274
024671282
024671291
024671304
024671312
024671321
024671339
024671347
024671355
024671363
024671371
024671380
024671398
024671401
024671410
024671428
024671436
024671444
024671452
024671461
024671479
024671487
024671495
024671509
024671517
024671525
024671533
024671541
024671550
024671568
024671576
024671771
024671835
024671843
024671851
024671860
024671878
024671886
024672327
024672394
024672408
024672416
024672424
024672432
024672441
024672459
024672467
024672475
024672483
024672491
024672505
024672513
024672521
024672530
024672548
024672556
024672564
024672572
024672581
024672599
024672602
024672611
024672629
024672637
024672645
024672653
024672661
024672670
024672688
024672696
024672700
024672718
024672726
024672734
024672742
024672751
024672769
024672777
024672785
024672793
024672807
024672815
024672823
024672831
024672840
024672858
024672866
024672874
024672882
024672891
024672904
024672912
024672921
024672939
024672947
024672955
024672963
024672971
024672980
024672998
024673005
024673013
024673021
024673030
024673048
024673056
024673064
024673072
024673081
024673099
024673102
024673111
024673129
024673137
024673145
024673153
024673161
024673170
024673188
024673196
024673200
024673218
024673226
024673234
024673242
024673251
024673269
024673277
024673285
024673293
024673307
024673315
024673323
024673331
024673340
024673358
024673366
024673374
024673382
024673391
024673404
024673412
024673421
024673439
024673447
024673455
024673463
024673471
024673480
024673498
024673501
024673510
024673528
024673536
024673544
024673552
024673561
024673579
024673587
024673595
024673609
024673617
024673625
024673633
024673641
024673650
024673668
024673676
024673684
024673692
024673706
024673714
024673722
024673731
024673749
024673757
024673765
024673773
024673781
024673790
024673803
024673811
024673820
024673838
024673846
024673854
024673862
024673871
024673889
024673897
024673901
024673919
024673927
024673935
024673943
024673951
024673960
024673978
024673986
024673994
024674001
024674010
024674028
024674036
024674044
024674052
024674061
024674079
024674087
024674095
024674109
024674117
024674125
024674133
024674141
024674150
024674168
024674176
024674184
024674192
024674206
024674214
024674222
024674231
024674249
024674257
024674265
024674273
024674281
024674290
024674371
024676071
024676080
024676098
024676101
024676110
024676128
024676136
024676144
024676152
024676161
024676179
024676187
024676195
024676209
024676217
024676225
024676233
024676241
024676250
024676268
024676276
024676284
024676292
024676306
024676314
024676322
024676331
024676349
024676357
024676365
024676373
024676381
024676390
024676403
024676411
024676420
024676438
024676446
024676454
024677752
024682489
024682551
024682560
024682578
024682586
024682594
024682608
024682616
024682624
024682632
024682641
024682659
024682667
024682675
024682683
024682691
024682705
024682713
024682721
024682730
024682748
024682756
024682764
024682772
024682781
024682799
024682802
024682811
024682829
024682837
024682845
024682853
024682861
024682870
024682888
024682896
024682900
024682918
024682926
024682934
024682942
024682951
024682969
024682977
024682985
024682993
024683001
024683019
024683027
024683035
024683043
024683051
024683060
024683078
024683086
024683094
024683108
024683116
024683124
024683132
024683141
024683159
024683167
024683175
024683183
024683191
024683205
024683213
024683221
024683230
024683248
024683256
024683264
024683272
024683281
024683299
024683302
024683311
024683329
024683337
024683345
024683353
024683361
024683370
024683388
024683396
024683400
024683418
024683426
024683434
024683442
024683451
024683469
024683477
024683485
024683493
024683507
024683515
024683523
024683531
024683540
024683558
024683566
024683574
024683582
024683591
024683604
024683612
024683621
024683639
024683647
024683655
024683663
024683671
024683680
024683698
024683701
024683710
024683728
024683736
024683744
024683752
024683761
024683779
024683787
024683795
024683809
024683817
024683825
024683833
024683841
024683850
024683868
024683876
024683884
024683892
024683906
024683914
024683922
024683931
024683949
024683957
024683965
024683973
024683981
024683990
024684007
024684015
024684023
024684031
024684040
024684058
024684066
024684074
024684082
024684091
024684104
024684112
024684121
024684139
024684147
024684155
024684163
024684171
024684180
024684198
024684201
024684210
024684228
024684236
024684244
024684252
024684261
024684279
024684287
024684295
024684309
024684317
024684325
024684333
024684341
024684350
024684368
024684376
024684384
024684392
024684406
024684414
024684422
024684431
024684449
024684457
024684465
024684473
024684481
024684490
024684503
024684511
024684520
024684538
024684546
024684554
024684562
024684571
024684589
024684597
024684601
024684619
024684627
024684635
024684643
024684651
024684660
024684678
024684686
024684694
024691372
024692425
024693251
024693634
024695106
024695149
024695734
024695815
024695866
024695874
024696129
024700185
024703079
024708551
024709000
024709018
024709611
024709620
024709638
024709646
024709654
024709662
024709671
024709689
024709697
024709701
024709719
024709727
024709735
024709743
024709751
024709760
024709778
024709786
024709794
024709808
024709816
024709824
024709832
024709841
024709859
024709867
024709875
024709883
024709891
024709905
024709913
024709921
024709930
024709948
024709956
024709964
024709972
024709981
024709999
024710008
024710016
024710024
024710032
024710041
024710059
024710067
024710075
024710083
024710091
024710105
024710113
024710121
024710130
024710164
024710172
024710181
024711454
024711578
024711586
024711608
024711616
024711624
024711632
024711641
024711659
024711667
024711675
024711683
024711691
024711705
024711713
024711721
024711730
024711748
024711756
024711764
024711772
024711781
024711799
024711802
024711811
024711829
024711837
024711845
024711853
024711861
024711870
024711888
024711896
024711900
024711918
024711926
024714682
024714691
024714704
024714712
024714721
024714739
024714747
024715867
024716456
024716812
024718483
024718491
024718505
024718513
024718530
024718548
024721018
024721107
024721115
024721131
024721140
024721204
024721611
024721654
024721662
024721671
024721689
024721697
024721701
024721719
024721735
024721751
024721760
024721778
024721794
024721808
024721816
024721824
024721832
024721841
024721859
024721867
024721875
024721883
024721891
024721905
024721913
024721956
024721972
024724017
024729272
024733679
024733717
024734098
024737143
024737151
024737160
024737178
024741141
024743046
024743097
024743348
024743356
024743364
024743372
024743381
024743399
024743402
024743411
024743429
024743437
024743445
024743453
024743461
024743470
024743488
024743496
024743500
024743518
024743526
024746860
024746878
024746886
024747777
024747793
024750603
024750611
024752371
024752452
024752461
024752479
024752487
024752495
024752509
024752517
024752525
024752533
024752541
024752550
024752568
024752576
024752584
024752592
024752606
024752614
024752622
024752631
024752649
024752657
024752665
024752673
024752681
024752690
024752703
024752711
024752720
024752738
024752746
024752754
024752762
024752771
024752789
024752797
024752801
024752819
024752827
024752835
024752843
024752851
024752860
024752878
024752886
024752894
024752908
024752916
024752924
024752932
024752941
024752959
024752967
024752975
024752983
024752991
024753009
024753017
024753025
024753033
024753041
024753050
024753068
024753076
024753084
024753092
024753106
024753114
024753122
024753131
024753149
024753157
024753165
024753173
024753181
024753190
024753203
024753211
024753220
024753238
024753246
024753254
024753262
024753271
024753289
024753297
024753301
024753319
024753327
024753335
024753343
024753351
024753360
024753378
024753386
024753394
024753408
024753416
024753424
024753432
024753441
024753459
024753467
024753475
024753483
024753491
024753505
024753513
024753521
024753530
024753548
024753556
024753564
024753572
024753581
024753599
024753602
024753611
024753629
024753637
024753645
024753653
024753661
024753670
024753688
024753696
024753700
024753718
024753726
024753734
024753742
024753751
024753769
024753777
024753785
024753793
024753807
024753815
024753823
024753831
024753840
024753858
024753866
024753874
024753882
024753891
024753904
024753912
024753921
024753939
024753947
024753955
024753963
024753971
024753980
024753998
024754005
024754013
024754021
024754030
024754048
024754056
024754064
024754072
024754081
024754099
024754102
024754111
024754129
024754137
024754145
024754153
024754161
024754170
024754188
024754196
024754200
024754218
024754226
024754234
024754242
024754251
024754269
024754277
024754285
024754293
024754307
024754315
024754323
024754331
024754340
024754358
024754366
024754374
024754382
024754391
024754404
024754412
024754421
024754439
024754447
024754455
024754463
024754471
024754480
024754498
024754501
024754510
024754528
024754536
024754544
024754552
024754561
024754579
024754587
024754595
024754609
024754617
024754625
024754633
024754641
024754650
024754668
024754676
024754684
024754692
024754706
024754714
024754722
024754731
024754749
024754757
024754765
024754773
024754781
024754790
024754803
024754811
024754820
024754838
024754846
024754854
024754862
024754871
024754889
024754897
024754901
024754919
024754927
024754935
024754943
024754951
024754960
024754978
024754986
024754994
024755001
024755176
024755362
024755371
024755389
024755397
024755401
024755419
024755427
024755435
024755443
024755451
024755460
024755478
024755486
024755494
024755508
024755516
024755524
024755532
024755541
024755559
024756989
024757306
024757616
024757624
024757632
024757641
024757659
024757667
024758795
024758817
024758825
024758833
024758841
024758850
024760595
024761206
024761214
024761222
024761265
024761281
024761311
024762148
024762156
024762164
024763446
024763454
024763462
024763721
024763730
024767433
024767441
024767450
024767468
024776670
024779768
024779776
024779911
024779920
024779938
024779946
024779954
024779962
024779971
024779989
024779997
024780006
024780014
024780022
024780031
024780049
024780057
024780065
024780073
024780081
024780090
024780103
024780111
024780120
024780138
024780146
024780154
024780162
024780171
024780189
024780197
024780201
024780219
024780227
024780235
024780243
024780251
024780260
024780278
024780286
024780294
024780308
024780316
024780324
024780332
024780341
024780359
024780367
024780375
024780383
024780391
024780405
024780413
024780421
024780430
024780448
024780456
024780464
024780472
024780481
024780499
024780502
024780511
024780529
024780537
024780545
024780553
024780561
024780570
024780588
024780596
024780600
024780618
024780626
024780634
024780642
024780651
024780669
024780677
024780685
024780693
024780707
024780715
024780723
024780731
024781304
024781312
024781321
024781339
024781347
024781355
024781363
024781371
024781380
024781401
024781703
024781711
024781827
024781894
024781908
024784141
024784150
024784168
024784176
024784184
024784192
024784206
024784214
024784222
024784231
024784249
024784257
024784265
024784273
024784281
024784290
024784559
024784567
024784575
024784583
024784591
024784605
024785984
024786110
024786268
024788619
024788627
024788635
024788643
024788759
024788970
024790150
024790699
024790702
024791296
024791342
024791491
024793213
024793221
024793230
024793248
024793256
024793264
024793272
024793281
024793299
024793302
024793311
024793329
024793337
024793345
024793353
024793361
024793370
024793388
024793396
024793400
024793418
024793426
024793434
024793442
024793451
024793469
024793477
024793485
024793493
024793507
024793515
024793523
024793531
024793540
024793558
024793566
024793574
024793582
024793591
024793604
024793612
024793621
024793639
024793647
024793655
024793663
024793671
024793680
024793698
024793701
024793710
024793728
024793736
024793744
024793752
024793761
024793779
024793787
024793795
024793809
024793817
024793825
024793850
024793868
024793876
024793884
024793892
024793906
024793914
024793922
024793931
024793949
024793957
024793965
024793973
024793981
024794813
024794821
024794830
024795682
024797405
024797863
024798428
024798452
024798487
024798495
024798509
024798517
024798525
024798541
024798550
024798568
024798576
024798584
024798592
024798606
024798614
024798631
024798649
024798673
024798681
024798690
024798703
024798711
024798720
024798746
024798754
024798762
024798771
024798789
024798797
024798801
024798819
024798827
024798835
024801607
024803120
024804223
024804258
024804304
024804762
024806757
024806765
024806773
024806781
024806790
024806803
024806811
024806820
024806838
024806846
024806854
024806862
024806871
024806889
024806897
024806901
024806919
024806927
024806935
024806943
024806951
024806960
024806978
024806986
024806994
024807001
024807010
024807028
024807036
024807044
024807052
024807061
024807079
024807087
024807095
024807109
024807117
024807125
024807133
024809322
024809331
024809446
024809454
024809462
024811505
024811513
024811645
024812625
024812641
024812731
024813117
024813125
024813133
024813141
024813150
024813168
024813176
024813184
024813192
024813206
024813214
024813222
024813231
024813249
024813257
024813265
024813273
024813281
024813290
024815691
024815705
024815713
024815721
024815730
024815799
024815829
024815837
024815845
024815853
024815861
024815870
024815888
024815896
024817589
024817813
024817953
024817961
024817970
024817988
024817996
024818003
024818011
024818020
024818038
024818046
024818054
024818062
024818071
024818089
024818097
024818101
024818119
024818127
024818135
024818143
024818151
024818160
024818178
024818186
024818194
024818208
024818216
024818224
024818232
024818241
024818259
024818267
024818275
024818283
024818291
024818305
024818313
024818321
024818330
024818348
024818356
024818364
024818372
024818381
024818399
024818402
024818411
024818429
024818437
024818445
024818453
024818461
024818470
024818488
024818496
024818500
024818518
024818526
024818534
024818542
024818551
024818569
024818577
024818585
024818593
024818607
024818615
024818623
024818631
024818640
024818658
024818666
024818674
024818682
024818691
024818704
024818712
024819751
024820822
024820865
024820881
024821764
024821772
024821926
024822167
024822175
024826154
024826324
024826332
024826758
024826766
024826774
024826782
024826791
024826804
024826812
024826821
024826839
024826847
024826855
024826863
024826871
024826880
024826898
024826901
024826910
024826928
024826936
024826944
024826952
024826961
024826979
024826987
024826995
024827215
024829251
024829269
024832707
024832731
024833223
024833240
024833258
024833266
024833495
024833657
024833665
024834017
024834025
024834033
024835706
024836010
024836079
024836320
024836338
024836435
024836915
024836923
024837016
024837024
024839370
024839418
024839710
024839728
024839736
024839744
024839752
024839761
024839779
024839787
024840891
024840971
024840980
024843261
024843270
024843288
024843296
024843300
024843318
024843326
024843334
024843342
024843351
024843369
024843377
024843385
024843393
024843407
024843415
024843423
024843431
024843440
024843458
024843466
024843474
024843482
024843491
024843504
024843512
024843521
024843539
024843547
024843555
024843563
024843571
024843580
024843598
024843601
024843610
024843628
024843636
024843644
024843652
024843661
024843679
024843687
024843695
024843709
024843717
024843725
024843733
024843741
024843750
024843768
024843776
024843784
024843792
024843806
024843814
024843822
024843831
024843849
024843857
024843865
024843873
024843881
024843890
024843903
024843911
024843920
024843938
024843946
024843954
024843962
024843971
024843989
024843997
024844004
024844012
024844021
024844039
024844047
024844055
024844063
024844071
024844080
024844098
024844101
024844110
024844128
024844136
024844144
024844152
024844161
024844179
024844187
024844195
024844209
024844217
024844225
024844233
024844241
024844250
024844268
024844276
024844284
024844292
024844306
024844314
024844322
024844331
024844349
024844357
024844365
024844373
024844381
024844390
024844403
024844411
024844420
024844438
024844446
024844454
024844462
024844471
024844489
024844497
024844501
024844519
024844527
024844535
024844543
024844551
024844560
024844578
024844586
024844594
024844608
024844616
024844624
024844632
024844641
024844659
024844667
024844675
024844683
024844691
024844705
024844713
024844721
024844730
024844748
024844756
024844764
024844772
024844781
024844799
024844802
024844811
024844829
024844837
024844845
024844853
024844861
024844870
024844888
024844896
024844900
024844918
024844926
024844934
024844942
024844951
024844969
024844977
024844985
024844993
024845001
024845019
024845027
024845035
024845043
024845051
024845060
024845078
024845086
024845094
024845108
024845116
024845124
024845132
024845141
024845159
024845167
024845175
024845183
024845191
024845205
024845213
024845221
024845230
024845248
024845256
024845264
024845272
024845281
024845299
024845302
024845311
024845329
024845337
024845345
024845353
024845361
024845370
024845388
024845396
024845400
024845418
024845426
024845434
024845442
024845451
024845469
024845477
024845485
024845493
024845507
024845515
024845523
024845531
024845540
024845558
024845566
024845574
024845582
024845591
024845604
024845612
024845621
024845639
024845647
024845655
024845663
024845671
024845680
024845698
024845701
024845710
024845728
024845736
024845744
024845752
024845761
024845779
024845787
024845795
024845809
024845817
024845825
024845833
024845841
024845850
024845868
024845876
024845884
024845892
024845906
024845914
024845922
024845931
024845949
024845957
024845965
024845973
024845981
024845990
024846007
024846015
024846023
024846031
024846040
024846058
024846066
024846074
024846082
024846091
024846104
024846112
024846121
024846139
024846147
024846155
024846163
024846171
024846180
024846198
024846201
024846210
024846228
024846236
024846244
024846252
024846261
024846279
024846287
024846295
024846309
024846317
024846325
024846333
024846341
024846350
024846368
024846376
024846384
024846392
024846406
024846414
024846422
024846431
024846449
024846457
024846465
024846473
024846481
024846490
024846503
024846511
024846520
024846538
024846546
024846554
024846562
024846571
024846589
024846597
024846601
024846619
024846627
024846635
024846643
024846651
024846660
024846678
024846686
024846694
024846708
024846716
024846724
024846732
024846741
024846759
024846767
024846775
024846783
024846791
024846805
024846813
024846821
024846830
024846848
024846856
024846864
024846872
024846881
024846899
024846902
024846911
024846929
024846937
024846945
024847119
024849111
024849189
024849201
024850268
024853216
024853461
024853470
024853488
024853496
024853500
024853518
024853526
024853534
024853542
024853551
024853569
024853577
024854212
024854298
024854301
024854328
024854476
024854506
024855197
024855235
024855243
024855251
024855260
024855278
024855286
024855294
024855308
024855316
024855324
024855332
024855341
024855359
024855367
024855375
024855383
024855391
024855405
024855413
024855421
024855430
024855448
024855456
024855464
024855472
024855481
024855499
024855502
024855511
024855529
024855537
024855545
024855553
024855561
024855570
024855588
024855596
024855618
024855626
024855634
024855642
024855651
024855669
024855677
024855685
024855693
024855707
024855715
024855723
024855880
024856096
024858307
024858439
024859711
024859729
024859753
024859761
024859770
024859788
024859796
024859800
024859818
024859826
024859834
024859842
024859851
024859869
024859877
024859885
024859893
024859907
024859915
024859923
024859931
024859940
024859958
024859966
024859974
024859982
024859991
024860000
024860018
024860026
024860034
024860042
024860051
024860069
024860077
024860085
024860093
024860107
024860115
024860123
024860131
024860140
024860158
024860166
024860174
024860182
024860191
024860204
024860212
024860221
024860239
024860247
024860255
024860263
024860271
024860280
024860298
024860301
024860310
024860328
024860336
024860344
024860352
024860361
024860379
024860387
024860395
024860409
024860417
024860425
024860433
024860441
024860450
024860468
024860476
024860484
024860492
024860506
024860514
024860522
024860531
024860549
024860557
024860565
024860573
024860581
024860590
024860603
024860611
024860620
024865893
024866008
024867870
024867888
024867900
024867918
024867926
024867934
024867942
024869406
024870188
024871176
024873039
024873047
024873063
024873071
024873080
024873098
024873101
024873110
024873128
024873136
024873144
024873152
024873276
024873292
024874256
024874736
024876038
024876046
024876143
024876151
024876160
024876178
024878375
024879851
024879932
024880205
024880221
024882615
024882623
024882631
024882640
024882658
024882666
024882674
024882682
024882691
024882704
024882712
024885053
024886262
024886271
024886289
